Partial,Epoch,Train acc,Train Action Loss,Train Location Loss,Train Baseline Loss,Parital,Epoch,Test Accuracy (%),Test Action Loss,Test Location Loss,Test Baseline Loss,Test Accuracy,Test ASD Accuracy,Test TD Accuracy
12,0,52.4,0.6926981382369995,1.5751414837837219,0.42919996881484984,12,0,53.333333333333336,0.6942187945048014,1.7599061495727963,0.43666663647939763,0.5333333333333333,0.5,0.6
12,1,53.3,0.6912988443374634,1.6051046295166016,0.436399968624115,12,1,53.333333333333336,0.6869601302676731,1.3090136845906575,0.43666663647939763,0.5333333333333333,0.5,0.6
12,2,52.9,0.6900459508895874,1.570680896759033,0.43319997119903564,12,2,53.333333333333336,0.6958791216214498,1.6201443678802914,0.43666663647939763,0.5333333333333333,0.5,0.6
12,3,53.2,0.6924316425323487,1.5526411647796632,0.43559996819496155,12,3,51.111111111111114,0.6835662722587585,1.449734201365047,0.4188888599889146,0.5111111111111111,0.5,0.5333333333333333
12,4,52.9,0.6910656743049621,1.579136423110962,0.43319996976852415,12,4,33.333333333333336,0.7190625747044881,1.0332263814078437,0.2766666480650504,0.3333333333333333,0.0,1.0
12,5,55.9,0.6867391281127929,1.7072464671134948,0.4571999697685242,12,5,64.44444444444444,0.6498508797751532,2.211413812968466,0.5255555189318127,0.6444444444444445,0.9333333333333333,0.06666666666666667
12,6,50.5,0.6930808968544007,1.510837664604187,0.41399996757507324,12,6,33.333333333333336,0.6973320828543769,0.7774539742204878,0.2766666480650504,0.3333333333333333,0.0,1.0
12,7,48.7,0.6934149293899536,1.386750241279602,0.39959996843338014,12,7,53.333333333333336,0.6941420051786634,1.4309690962235133,0.43666663647939763,0.5333333333333333,0.5,0.6
12,8,49.8,0.6932484335899353,1.4437726049423218,0.40839996910095216,12,8,33.333333333333336,0.6987999942567613,1.0386562416950862,0.2766666480650504,0.3333333333333333,0.0,1.0
12,9,51.7,0.6924902625083923,1.476677882194519,0.42359997042268516,12,9,53.333333333333336,0.6899354285664029,1.455657391415702,0.43666663647939763,0.5333333333333333,0.5,0.6
12,10,50.1,0.6931926898956299,1.4655395481586457,0.41079996979236605,12,10,53.333333333333336,0.6960104531712002,1.4571037895149654,0.43666663647939763,0.5333333333333333,0.5,0.6
12,11,50.1,0.6928863968849183,1.4328563957214355,0.4107999737262726,12,11,53.333333333333336,0.691894257068634,1.3852571523851818,0.43666663647939763,0.5333333333333333,0.5,0.6
12,12,50.3,0.6920998115539551,1.4626483507156371,0.4123999719619751,12,12,40.0,0.6997587574852837,1.0377520660559336,0.3299999775364995,0.4,0.2,0.8
12,13,56.2,0.6842890872955322,1.6398207206726074,0.45959997081756593,12,13,35.55555555555556,0.8003763477007548,1.1006871521472932,0.29444442455553343,0.35555555555555557,0.03333333333333333,1.0
12,14,53.9,0.6869225630760193,1.6276994576454162,0.4411999700069428,12,14,66.66666666666667,0.7486805401535498,2.348882003294097,0.5433332954222957,0.6666666666666666,0.7333333333333333,0.5333333333333333
12,15,57.7,0.6817080416679382,1.7437660999298095,0.47159996795654296,12,15,35.55555555555556,0.7438840889268451,0.7326465318600337,0.29444442455553343,0.35555555555555557,0.03333333333333333,1.0
12,16,60.4,0.6663859372138977,1.8293730182647705,0.4931999683380127,12,16,37.77777777777778,0.8252539774920378,0.6514788236882951,0.3122222010460165,0.37777777777777777,0.06666666666666667,1.0
12,17,59.8,0.6584619750976562,1.832628975868225,0.4883999676704407,12,17,55.55555555555556,0.6794766394524938,1.680123704340723,0.45444441296988064,0.5555555555555556,0.4666666666666667,0.7333333333333333
12,18,59.9,0.6591585469245911,1.7732542448043824,0.48919996881484984,12,18,40.0,0.813147879878266,1.3236372162898382,0.3299999775364995,0.4,0.1,1.0
12,19,61.0,0.663029628276825,1.8743899555206298,0.49799996900558474,12,19,42.22222222222222,0.7466340457399686,1.218990519311693,0.3477777540269825,0.4222222222222222,0.13333333333333333,1.0
12,20,63.4,0.6407390689849853,1.9288919668197633,0.517199966430664,12,20,53.333333333333336,0.7505187975035773,1.5843661838107639,0.43666663647939763,0.5333333333333333,0.43333333333333335,0.7333333333333333
12,21,59.3,0.6695045270919799,1.7760080890655519,0.4843999681472778,12,21,40.0,0.7670822070704566,1.1239628861347835,0.3299999775364995,0.4,0.1,1.0
12,22,59.2,0.6612264604568482,1.7636217813491821,0.48359996938705446,12,22,37.77777777777778,0.7662132454415163,1.2159209036164813,0.3122222010460165,0.37777777777777777,0.06666666666666667,1.0
12,23,61.9,0.6526591391563416,1.9370049591064453,0.5051999678611755,12,23,48.888888888888886,0.7245079610082839,1.2919484664996466,0.40111108349843155,0.4888888888888889,0.26666666666666666,0.9333333333333333
12,24,62.0,0.6519469423294068,1.958290421485901,0.5059999666213989,12,24,55.55555555555556,0.9252209213044909,1.7407739020056194,0.45444441296988064,0.5555555555555556,0.5333333333333333,0.6
12,25,57.5,0.6643131203651428,1.6618227133750916,0.4699999723434448,12,25,51.111111111111114,0.6866258790095647,1.5841669466760424,0.4188888599889146,0.5111111111111111,0.43333333333333335,0.6666666666666666
12,26,59.7,0.6521886959075928,1.806524104118347,0.4875999665260315,12,26,57.77777777777778,1.4727339471379917,1.9060240613089667,0.47222218946036365,0.5777777777777777,0.5666666666666667,0.6
12,27,62.1,0.695663595199585,1.9344942588806153,0.5067999634742737,12,27,57.77777777777778,0.6865767389949825,1.7870416379637188,0.47222218946036365,0.5777777777777777,0.43333333333333335,0.8666666666666667
12,28,62.4,0.6429596786499023,1.8772789964675902,0.5091999626159668,12,28,42.22222222222222,0.7321959083938661,1.4774932311640845,0.3477777540269825,0.4222222222222222,0.13333333333333333,1.0
12,29,60.5,0.6516830973625183,1.7775510444641114,0.49399996757507325,12,29,60.0,0.6766543292336994,2.1002638313505386,0.48999996595084666,0.6,0.5333333333333333,0.7333333333333333
12,30,60.6,0.6499793434143066,1.8176443004608154,0.4947999677658081,12,30,62.22222222222222,0.6670354642905295,1.9424005127615398,0.5077777424413297,0.6222222222222222,0.6,0.6666666666666666
12,31,61.7,0.6386865911483764,1.8248139801025391,0.5035999660491943,12,31,46.666666666666664,0.7328877638611528,1.2600761738088395,0.38333330700794854,0.4666666666666667,0.23333333333333334,0.9333333333333333
12,32,63.1,0.6294274115562439,1.8787093362808227,0.5147999639511108,12,32,57.77777777777778,0.6846923261466954,1.6056489891476102,0.47222218946036365,0.5777777777777777,0.5666666666666667,0.6
12,33,64.1,0.6330173144340515,1.9695699558258057,0.5227999649047852,12,33,66.66666666666667,0.6679027700783788,2.262479450967577,0.5433332954222957,0.6666666666666666,0.5666666666666667,0.8666666666666667
12,34,62.7,0.6529652585983277,1.9106687135696412,0.511599967956543,12,34,53.333333333333336,0.7096797545337015,1.7608317726188236,0.43666663647939763,0.5333333333333333,0.36666666666666664,0.8666666666666667
12,35,63.0,0.6299893174171448,1.9332865362167357,0.5139999651908874,12,35,40.0,0.7587569592106673,1.1353263047006394,0.3299999775364995,0.4,0.1,1.0
12,36,62.1,0.632841700553894,1.9288106346130371,0.5067999701499939,12,36,46.666666666666664,0.7534240345548218,1.5666518456406064,0.38333330700794854,0.4666666666666667,0.2,1.0
12,37,63.0,0.6361070976257325,1.9405603466033936,0.5139999632835388,12,37,62.22222222222222,0.6495767706492592,1.7962662415372002,0.5077777424413297,0.6222222222222222,0.7333333333333333,0.4
12,38,64.4,0.6190847396850586,1.9891425609588622,0.5251999621391297,12,38,40.0,0.8162508185875291,1.4254276934597228,0.3299999775364995,0.4,0.1,1.0
12,39,65.8,0.6223065047264099,1.989577199935913,0.5363999600410462,12,39,60.0,0.6552072260107605,1.4648434334331089,0.48999996595084666,0.6,0.5666666666666667,0.6666666666666666
12,40,65.9,0.6126062502861023,1.9878807063102721,0.5371999652385712,12,40,48.888888888888886,0.7248629168659034,1.412229194574886,0.40111108349843155,0.4888888888888889,0.26666666666666666,0.9333333333333333
12,41,64.9,0.6217711262702942,2.0290765438079834,0.5291999650001525,12,41,60.0,0.6709572970304483,1.6777085777786043,0.48999996595084666,0.6,0.5666666666666667,0.6666666666666666
12,42,65.8,0.6080709433555603,2.0390569438934327,0.5363999652862549,12,42,62.22222222222222,0.680139312643506,2.318807785709699,0.5077777424413297,0.6222222222222222,0.6666666666666666,0.5333333333333333
12,43,69.3,0.5908435926437378,2.205547632217407,0.5643999609947205,12,43,44.44444444444444,0.8809627289780312,1.2040941241714689,0.36555553051746553,0.4444444444444444,0.2,0.9333333333333333
12,44,66.5,0.6001244506835938,2.0436454792022705,0.5419999599456787,12,44,44.44444444444444,0.7862198985825267,1.3566617326603996,0.36555553051746553,0.4444444444444444,0.2,0.9333333333333333
12,45,66.1,0.6010605902671814,2.0461410408020018,0.5387999639511108,12,45,60.0,0.6907066985615529,1.8474995993905596,0.48999996595084666,0.6,0.7,0.4
12,46,67.1,0.6034996037483216,2.0655909328460695,0.5467999629974365,12,46,62.22222222222222,0.6784806879200106,1.9027145491706001,0.5077777424413297,0.6222222222222222,0.6,0.6666666666666666
12,47,71.2,0.5729695873260499,2.2228284034729002,0.5795999550819397,12,47,57.77777777777778,0.6796351641917783,1.785285589761204,0.47222218946036365,0.5777777777777777,0.6333333333333333,0.4666666666666667
12,48,66.4,0.6099749174118042,2.0438542318344117,0.5411999645233154,12,48,60.0,0.6520795009297823,1.849708076649242,0.48999996595084666,0.6,0.7,0.4
12,49,70.6,0.5669093909263611,2.22770285987854,0.5747999587059021,12,49,51.111111111111114,0.724031523174118,1.4288822028372024,0.4188888599889146,0.5111111111111111,0.3333333333333333,0.8666666666666667
12,50,70.0,0.5764839768409729,2.1785168476104735,0.5699999613761901,12,50,62.22222222222222,0.6585504402578711,1.8180958098835416,0.5077777424413297,0.6222222222222222,0.6666666666666666,0.5333333333333333
12,51,68.5,0.5854307141304016,2.068181468963623,0.5579999613761902,12,51,53.333333333333336,0.7289509276269301,1.5671051194270451,0.43666663647939763,0.5333333333333333,0.43333333333333335,0.7333333333333333
12,52,70.2,0.5797126955986023,2.2149783544540407,0.5715999565124512,12,52,53.333333333333336,0.7597804778111216,1.566802411278089,0.43666663647939763,0.5333333333333333,0.4,0.8
12,53,70.5,0.5672600889205932,2.206596752166748,0.57399995803833,12,53,64.44444444444444,0.6536218269831603,1.7156232231193118,0.5255555189318127,0.6444444444444445,0.6666666666666666,0.6
12,54,70.0,0.5671379144191742,2.194157487869263,0.569999963760376,12,54,53.333333333333336,0.7383496277861569,1.5995685226387448,0.43666663647939763,0.5333333333333333,0.36666666666666664,0.8666666666666667
12,55,70.1,0.5638476614952087,2.194005316734314,0.5707999548912048,12,55,46.666666666666664,0.8171793666133453,1.379466622736719,0.38333330700794854,0.4666666666666667,0.23333333333333334,0.9333333333333333
12,56,70.2,0.5619060206413269,2.1586308393478393,0.5715999534130096,12,56,57.77777777777778,0.7040062035123508,2.0380480100711185,0.47222218946036365,0.5777777777777777,0.6,0.5333333333333333
12,57,72.8,0.5481268243789673,2.2582216691970824,0.592399953842163,12,57,46.666666666666664,0.8518624315656275,1.529527242978414,0.38333330700794854,0.4666666666666667,0.26666666666666666,0.8666666666666667
12,58,74.0,0.5240178866386414,2.2705252571105956,0.6019999551773071,12,58,62.22222222222222,0.7241959441039296,1.8802510940366322,0.5077777424413297,0.6222222222222222,0.6,0.6666666666666666
12,59,72.4,0.5497661128044128,2.295697868347168,0.5891999588012695,12,59,51.111111111111114,0.7863510737816455,1.372393277949757,0.4188888599889146,0.5111111111111111,0.3,0.9333333333333333
12,60,73.8,0.5258417053222656,2.3029653911590575,0.6003999581336975,12,60,44.44444444444444,0.8450064573695676,1.3476448489560022,0.36555553051746553,0.4444444444444444,0.2,0.9333333333333333
12,61,72.0,0.5372536025047302,2.2524574966430664,0.585999960899353,12,61,62.22222222222222,0.717786333296034,1.6551643656359778,0.5077777424413297,0.6222222222222222,0.4666666666666667,0.9333333333333333
12,62,71.7,0.5442473521232605,2.278550314903259,0.5835999579429626,12,62,57.77777777777778,0.692295851310093,1.585177082154486,0.47222218946036365,0.5777777777777777,0.4666666666666667,0.8
12,63,73.3,0.512148129940033,2.3158438034057616,0.5963999576568604,12,63,48.888888888888886,0.831052853167057,1.2619362718529172,0.40111108349843155,0.4888888888888889,0.3,0.8666666666666667
12,64,77.0,0.49650488543510435,2.4212802696228026,0.6259999532699585,12,64,46.666666666666664,0.8524284283320109,1.394371454583274,0.38333330700794854,0.4666666666666667,0.26666666666666666,0.8666666666666667
12,65,75.7,0.5069396915435791,2.3944146518707274,0.6155999541282654,12,65,57.77777777777778,0.7238694217469958,1.666694724228647,0.47222218946036365,0.5777777777777777,0.4,0.9333333333333333
12,66,71.8,0.5437425508499145,2.2603040409088133,0.5843999557495118,12,66,62.22222222222222,0.6819834301869074,2.1217171814706592,0.5077777424413297,0.6222222222222222,0.5666666666666667,0.7333333333333333
12,67,73.5,0.5142594952583313,2.2996744842529298,0.5979999527931213,12,67,60.0,0.7504875977316664,1.6144792046811847,0.48999996595084666,0.6,0.5666666666666667,0.6666666666666666
12,68,73.7,0.5261716089248657,2.302621406555176,0.5995999603271485,12,68,55.55555555555556,0.8562741463383039,1.717254732383622,0.45444441296988064,0.5555555555555556,0.4,0.8666666666666667
12,69,73.5,0.5494617233276368,2.2862494220733645,0.5979999551773071,12,69,60.0,0.6908229459491041,1.7530666576491463,0.48999996595084666,0.6,0.5,0.8
12,70,74.8,0.5271583232879639,2.3578320045471193,0.6083999581336975,12,70,40.0,0.8641625387800913,1.0513042231400809,0.3299999775364995,0.4,0.1,1.0
12,71,71.4,0.5318662457466126,2.2203236236572264,0.5811999540328979,12,71,62.22222222222222,0.6494607763985792,1.970899447798729,0.5077777424413297,0.6222222222222222,0.6,0.6666666666666666
12,72,75.6,0.4909571597576141,2.3955605945587157,0.614799952507019,12,72,68.88888888888889,0.7151850206984414,2.2710922085576586,0.5611110719127788,0.6888888888888889,0.6,0.8666666666666667
12,73,73.9,0.5139847970008851,2.329417345046997,0.6011999588012695,12,73,57.77777777777778,0.7641227867868211,1.6551309287548066,0.47222218946036365,0.5777777777777777,0.4666666666666667,0.8
12,74,70.0,0.5556310505867005,2.158809024810791,0.5699999585151673,12,74,51.111111111111114,0.7514479370477299,1.621768398417367,0.4188888599889146,0.5111111111111111,0.3333333333333333,0.8666666666666667
12,75,73.2,0.5352225785255432,2.246022678375244,0.5955999598503113,12,75,37.77777777777778,0.9213655807905725,0.777768991722001,0.3122222010460165,0.37777777777777777,0.1,0.9333333333333333
12,76,77.4,0.49192028951644895,2.4392681312561035,0.629199951171875,12,76,60.0,0.7857451190137201,1.627986677818828,0.48999996595084666,0.6,0.4666666666666667,0.8666666666666667
12,77,72.7,0.5342370686531067,2.222861902475357,0.5915999557971955,12,77,53.333333333333336,0.7575431969430712,1.5935559782716964,0.43666663647939763,0.5333333333333333,0.3333333333333333,0.9333333333333333
12,78,75.0,0.48598067569732667,2.3298129653930664,0.6099999570846557,12,78,44.44444444444444,0.9107606370415953,1.2638737330834071,0.36555553051746553,0.4444444444444444,0.2,0.9333333333333333
12,79,74.7,0.4993525314331055,2.3820497169494628,0.6075999565124511,12,79,57.77777777777778,0.7975737832486629,1.80867141617669,0.47222218946036365,0.5777777777777777,0.4,0.9333333333333333
12,80,74.1,0.49632418537139894,2.34134929561615,0.602799953699112,12,80,40.0,0.9604467732210954,1.344372707274225,0.3299999775364995,0.4,0.13333333333333333,0.9333333333333333
12,81,73.8,0.5210644354820252,2.2915292806625365,0.6003999571800231,12,81,55.55555555555556,0.8028262106908692,1.4250484963258108,0.45444441296988064,0.5555555555555556,0.4,0.8666666666666667
12,82,74.7,0.5106980814933777,2.367755452156067,0.607599953174591,12,82,66.66666666666667,0.654555453856786,2.027434761325518,0.5433332954222957,0.6666666666666666,0.5666666666666667,0.8666666666666667
12,83,73.7,0.5173359532356262,2.284291404724121,0.5995999517440795,12,83,44.44444444444444,0.8670867991116312,1.3822763154904048,0.36555553051746553,0.4444444444444444,0.16666666666666666,1.0
12,84,73.1,0.5203572878837586,2.304731640815735,0.5947999548912049,12,84,64.44444444444444,0.6690236836671829,1.816965322693189,0.5255555189318127,0.6444444444444445,0.5333333333333333,0.8666666666666667
12,85,77.6,0.47077497720718386,2.44238468170166,0.6307999472618103,12,85,55.55555555555556,0.7987297368546327,1.7676556888553832,0.45444441296988064,0.5555555555555556,0.3333333333333333,1.0
12,86,76.8,0.46932952547073364,2.408914836883545,0.6243999528884888,12,86,53.333333333333336,0.7278404773937331,1.7190323584609561,0.43666663647939763,0.5333333333333333,0.3333333333333333,0.9333333333333333
12,87,78.1,0.4815205540657043,2.515138214111328,0.6347999496459961,12,87,62.22222222222222,0.6400808869136705,2.3712280289994347,0.5077777424413297,0.6222222222222222,0.6666666666666666,0.5333333333333333
12,88,74.6,0.508872106552124,2.307972198486328,0.6067999539375305,12,88,53.333333333333336,0.7484541289301382,1.3907370183202956,0.43666663647939763,0.5333333333333333,0.3333333333333333,0.9333333333333333
12,89,75.8,0.5092895150184631,2.3570237274169923,0.6163999552726745,12,89,60.0,0.7833055433299805,1.6546706663237678,0.48999996595084666,0.6,0.5,0.8
12,90,75.5,0.4842516508102417,2.446062147140503,0.6139999570846557,12,90,62.22222222222222,0.7193374040226141,1.9305411487817765,0.5077777424413297,0.6222222222222222,0.5666666666666667,0.7333333333333333
12,91,76.9,0.47685535526275635,2.3755072383880615,0.6251999549865722,12,91,57.77777777777778,0.6822547595947981,1.6597851283020444,0.47222218946036365,0.5777777777777777,0.5333333333333333,0.6666666666666666
12,92,74.5,0.5186082806587219,2.3841628704071045,0.6059999537467956,12,92,57.77777777777778,0.7457716754637659,1.4816629611783558,0.47222218946036365,0.5777777777777777,0.36666666666666664,1.0
12,93,76.3,0.4884250845909119,2.3758300380706787,0.6203999524116516,12,93,51.111111111111114,0.8761355477902625,1.4184180789523655,0.4188888599889146,0.5111111111111111,0.3333333333333333,0.8666666666666667
12,94,75.9,0.47737100076675415,2.3958980445861817,0.617199954032898,12,94,48.888888888888886,0.7913865679875016,1.419895291990704,0.40111108349843155,0.4888888888888889,0.3,0.8666666666666667
12,95,80.1,0.44675569224357603,2.4493106689453126,0.6507999477386475,12,95,37.77777777777778,1.11370798457,1.197343224287033,0.3122222010460165,0.37777777777777777,0.06666666666666667,1.0
12,96,76.2,0.48440002083778383,2.480796259880066,0.6195999517440796,12,96,55.55555555555556,0.6942765557103687,1.5138655261860954,0.45444441296988064,0.5555555555555556,0.36666666666666664,0.9333333333333333
12,97,75.0,0.4905000448226929,2.2945009460449217,0.6099999527931214,12,97,46.666666666666664,0.8133720507224401,1.1255203757021162,0.38333330700794854,0.4666666666666667,0.2,1.0
12,98,77.2,0.45364287996292113,2.444643327713013,0.6275999522209168,12,98,60.0,0.6791891055802505,1.9670781579282548,0.48999996595084666,0.6,0.43333333333333335,0.9333333333333333
12,99,74.4,0.49201687264442445,2.326064546585083,0.6051999530792236,12,99,66.66666666666667,0.6666043458713425,2.3382387942738,0.5433332954222957,0.6666666666666666,0.5333333333333333,0.9333333333333333
12,100,77.5,0.46341271007061,2.4182385902404784,0.6299999504089355,12,100,53.333333333333336,0.7963442358705732,1.2753667811552682,0.43666663647939763,0.5333333333333333,0.4,0.8
12,101,77.5,0.46406929969787597,2.5821163444519044,0.6299999508857727,12,101,62.22222222222222,0.6958136985285415,1.821675259537167,0.5077777424413297,0.6222222222222222,0.5,0.8666666666666667
12,102,76.8,0.4669280872344971,2.4188349952697754,0.624399950504303,12,102,48.888888888888886,0.9035117512775792,1.3770707385407555,0.40111108349843155,0.4888888888888889,0.23333333333333334,1.0
12,103,76.9,0.4734369422197342,2.4462648620605467,0.6251999549865722,12,103,60.0,0.7611336820655399,1.9002144823471705,0.48999996595084666,0.6,0.5333333333333333,0.7333333333333333
12,104,78.0,0.4443577919006348,2.4985299854278566,0.6339999494552613,12,104,57.77777777777778,0.7690311522119575,1.755727842450142,0.47222218946036365,0.5777777777777777,0.4,0.9333333333333333
12,105,77.3,0.4750443127155304,2.389267343521118,0.6283999543190002,12,105,51.111111111111114,0.8199240592618783,1.6829466727044848,0.4188888599889146,0.5111111111111111,0.3,0.9333333333333333
12,106,75.2,0.4778789644241333,2.3276687564849854,0.6115999526977539,12,106,64.44444444444444,0.686320390800635,2.3464579549100666,0.5255555189318127,0.6444444444444445,0.5666666666666667,0.8
12,107,76.6,0.4660365450382233,2.375737846374512,0.6227999558448791,12,107,57.77777777777778,0.7283420783778032,1.60901759730445,0.47222218946036365,0.5777777777777777,0.5666666666666667,0.6
12,108,71.9,0.5297952861785888,2.2084040851593016,0.585199954509735,12,108,66.66666666666667,0.6721553881963094,2.284395541085137,0.5433332954222957,0.6666666666666666,0.5666666666666667,0.8666666666666667
12,109,74.8,0.4786546049118042,2.3526608238220215,0.6083999533653259,12,109,64.44444444444444,0.716964279446337,1.9043738818830913,0.5255555189318127,0.6444444444444445,0.4666666666666667,1.0
12,110,75.3,0.49299202013015747,2.358074592590332,0.6123999540805817,12,110,62.22222222222222,0.7342002402997524,2.1255374938249587,0.5077777424413297,0.6222222222222222,0.5,0.8666666666666667
12,111,77.1,0.4408949108123779,2.4148104972839355,0.6267999520301819,12,111,66.66666666666667,0.6555374374199244,2.028092768457201,0.5433332954222957,0.6666666666666666,0.6,0.8
12,112,74.9,0.48733873319625853,2.3845840682983397,0.6091999521255493,12,112,51.111111111111114,0.9460516297154956,1.642065418097708,0.4188888599889146,0.5111111111111111,0.26666666666666666,1.0
12,113,76.4,0.474526725769043,2.470643036365509,0.6211999523639679,12,113,64.44444444444444,0.7282681089308527,1.7821944110923342,0.5255555189318127,0.6444444444444445,0.5666666666666667,0.8
12,114,75.7,0.4796038374900818,2.4488929719924926,0.6155999522209168,12,114,68.88888888888889,0.6248845436506801,2.2106768823332255,0.5611110719127788,0.6888888888888889,0.6,0.8666666666666667
12,115,76.1,0.4988634328842163,2.423962616920471,0.6187999510765075,12,115,53.333333333333336,0.7368309545744625,1.5570124718878005,0.43666663647939763,0.5333333333333333,0.36666666666666664,0.8666666666666667
12,116,76.2,0.48856449174880984,2.356241153717041,0.6195999536514282,12,116,57.77777777777778,0.749441185924742,1.4490086961123678,0.47222218946036365,0.5777777777777777,0.43333333333333335,0.8666666666666667
12,117,77.0,0.44311564433574674,2.387666946411133,0.6259999523162841,12,117,55.55555555555556,0.8853094518598583,1.6784817934036256,0.45444441296988064,0.5555555555555556,0.43333333333333335,0.8
12,118,76.8,0.48348957681655885,2.4409619913101195,0.6243999509811401,12,118,53.333333333333336,0.8776401119099723,1.527386337849829,0.43666663647939763,0.5333333333333333,0.36666666666666664,0.8666666666666667
12,119,77.8,0.44187274885177613,2.4301225385665894,0.6323999500274659,12,119,66.66666666666667,0.7064852325245738,1.9695604787932501,0.5433332954222957,0.6666666666666666,0.5666666666666667,0.8666666666666667
12,120,78.8,0.4472143049240112,2.479114252090454,0.6403999471664429,12,120,73.33333333333333,0.6645463307698568,2.1577740424209173,0.5966666248937448,0.7333333333333333,0.7333333333333333,0.7333333333333333
12,121,76.3,0.47237119102478026,2.4242021484375,0.6203999519348145,12,121,66.66666666666667,0.7607921342468924,1.8511166205008824,0.5433332954222957,0.6666666666666666,0.5333333333333333,0.9333333333333333
12,122,76.0,0.4829288196563721,2.3673655834198,0.617999951839447,12,122,66.66666666666667,0.6665860219444666,1.801865789294243,0.5433332954222957,0.6666666666666666,0.6,0.8
12,123,77.5,0.4596519138813019,2.4930959796905516,0.6299999485015869,12,123,48.888888888888886,0.9695149140594165,1.2371801098187765,0.40111108349843155,0.4888888888888889,0.26666666666666666,0.9333333333333333
12,124,79.0,0.42594383454322815,2.489205121040344,0.6419999485015869,12,124,57.77777777777778,0.9132364705308406,1.62511425183879,0.47222218946036365,0.5777777777777777,0.5,0.7333333333333333
12,125,74.4,0.4978742754459381,2.3139122428894043,0.605199957370758,12,125,60.0,0.6829923322631253,1.9904369347625308,0.48999996595084666,0.6,0.5333333333333333,0.7333333333333333
12,126,77.6,0.4477327961921692,2.476058979034424,0.6307999501228333,12,126,66.66666666666667,0.6115379240156875,1.7676355246040556,0.5433332954222957,0.6666666666666666,0.6333333333333333,0.7333333333333333
12,127,76.4,0.46900285720825197,2.457791741371155,0.6211999521255493,12,127,62.22222222222222,0.7195364664593298,1.8216120736466515,0.5077777424413297,0.6222222222222222,0.5666666666666667,0.7333333333333333
12,128,78.1,0.4480839490890503,2.470992244720459,0.6347999515533447,12,128,71.11111111111111,0.64524077201883,2.243527729643716,0.5788888484032617,0.7111111111111111,0.6,0.9333333333333333
12,129,77.2,0.4625229036808014,2.4400795669555664,0.6275999526977539,12,129,66.66666666666667,0.6307444055875142,1.987865040037367,0.5433332954222957,0.6666666666666666,0.6666666666666666,0.6666666666666666
12,130,76.3,0.4805636568069458,2.3604823360443117,0.6203999519348145,12,130,73.33333333333333,0.5998479506207837,2.5158937464157742,0.5966666248937448,0.7333333333333333,0.6333333333333333,0.9333333333333333
12,131,79.4,0.42662135243415833,2.5770425605773926,0.6451999478340149,12,131,68.88888888888889,0.7278793543784154,2.079759360022015,0.5611110719127788,0.6888888888888889,0.5333333333333333,1.0
12,132,80.2,0.4094331511259079,2.5400328159332277,0.6515999488830566,12,132,62.22222222222222,0.7418469617660675,1.7409593949715296,0.5077777424413297,0.6222222222222222,0.5666666666666667,0.7333333333333333
12,133,77.7,0.4372211995124817,2.5264674911499023,0.631599949836731,12,133,66.66666666666667,0.6791295718168839,2.134067037039333,0.5433332954222957,0.6666666666666666,0.6,0.8
12,134,78.1,0.446290048122406,2.4598615055084228,0.6347999510765076,12,134,71.11111111111111,0.7027220287437861,1.9641965137587654,0.5788888484032617,0.7111111111111111,0.6,0.9333333333333333
12,135,79.2,0.43077932596206664,2.5086245193481447,0.643599946975708,12,135,64.44444444444444,0.7529047863299234,1.768038641081916,0.5255555189318127,0.6444444444444445,0.5,0.9333333333333333
12,136,76.9,0.4656405899524689,2.513758981704712,0.625199951171875,12,136,62.22222222222222,0.6063875910308626,1.8714780506160524,0.5077777424413297,0.6222222222222222,0.6333333333333333,0.6
12,137,78.0,0.43290540695190427,2.4820517711639405,0.6339999513626099,12,137,66.66666666666667,0.6062795017535488,2.178345803750886,0.5433332954222957,0.6666666666666666,0.6333333333333333,0.7333333333333333
12,138,79.5,0.41063243460655213,2.4878348503112795,0.6459999523162842,12,138,60.0,0.8154678552110757,1.6228683875666725,0.48999996595084666,0.6,0.43333333333333335,0.9333333333333333
12,139,78.3,0.45907333493232727,2.4313715171813963,0.6363999490737915,12,139,60.0,0.7423433974385262,1.8277631984816658,0.48999996595084666,0.6,0.43333333333333335,0.9333333333333333
12,140,80.8,0.4078077585697174,2.6109263763427735,0.6563999485969544,12,140,66.66666666666667,0.7160682991871403,2.050311146842109,0.5433332954222957,0.6666666666666666,0.5333333333333333,0.9333333333333333
12,141,76.4,0.4652133526802063,2.473308427810669,0.621199954032898,12,141,55.55555555555556,0.8294709355363415,1.6578144225809308,0.45444441296988064,0.5555555555555556,0.36666666666666664,0.9333333333333333
12,142,78.0,0.4330737942457199,2.494550746917725,0.6339999461174011,12,142,66.66666666666667,0.7577419645049506,2.416298966606458,0.5433332954222957,0.6666666666666666,0.5666666666666667,0.8666666666666667
12,143,77.3,0.4567830502986908,2.4294968614578245,0.6283999502658844,12,143,71.11111111111111,0.6045544482883998,2.3401801698737676,0.5788888484032617,0.7111111111111111,0.7333333333333333,0.6666666666666666
12,144,79.7,0.4150803029537201,2.4807324352264404,0.6475999479293824,12,144,66.66666666666667,0.7180968948536449,2.4972542064057457,0.5433332954222957,0.6666666666666666,0.5666666666666667,0.8666666666666667
12,145,79.1,0.4370511822700501,2.558547834396362,0.6427999467849731,12,145,62.22222222222222,0.7075849250359978,1.7576673156685299,0.5077777424413297,0.6222222222222222,0.5,0.8666666666666667
12,146,77.2,0.44805375838279726,2.4808174953460695,0.627599953174591,12,146,71.11111111111111,0.5925092697065945,2.3676534954044555,0.5788888484032617,0.7111111111111111,0.6666666666666666,0.8
12,147,79.5,0.41729631495475766,2.550069402694702,0.645999948978424,12,147,53.333333333333336,0.7576786028066029,1.8260228289498224,0.43666663647939763,0.5333333333333333,0.36666666666666664,0.8666666666666667
12,148,78.6,0.41687459099292756,2.462339252471924,0.6387999472618103,12,148,71.11111111111111,0.5385077273059222,2.161238231261571,0.5788888484032617,0.7111111111111111,0.7333333333333333,0.6666666666666666
12,149,80.2,0.39094054341316226,2.555638442993164,0.6515999464988709,12,149,66.66666666666667,0.8197767973360088,1.9228051053153143,0.5433332954222957,0.6666666666666666,0.5666666666666667,0.8666666666666667
12,150,80.6,0.40517823934555053,2.6363205490112303,0.6547999496459961,12,150,55.55555555555556,1.0266621993647682,1.7226656693551274,0.45444441296988064,0.5555555555555556,0.3333333333333333,1.0
12,151,79.7,0.42123948740959166,2.5461308727264402,0.6475999488830566,12,151,62.22222222222222,0.5736342487494565,1.7758735454744763,0.5077777424413297,0.6222222222222222,0.6,0.6666666666666666
12,152,80.7,0.4081629221439362,2.6067714157104493,0.6555999488830566,12,152,57.77777777777778,0.7786423349778893,1.7901724619997872,0.47222218946036365,0.5777777777777777,0.43333333333333335,0.8666666666666667
12,153,77.8,0.43992704606056215,2.4624854316711424,0.632399950504303,12,153,68.88888888888889,0.6818748552287515,2.229544201493263,0.5611110719127788,0.6888888888888889,0.5333333333333333,1.0
12,154,77.9,0.4190525064468384,2.501601921081543,0.6331999521255494,12,154,66.66666666666667,0.7603787426316355,1.911948588490486,0.5433332954222957,0.6666666666666666,0.5333333333333333,0.9333333333333333
12,155,79.9,0.41463721573352813,2.5829645557403564,0.6491999487876892,12,155,66.66666666666667,0.8789211924084359,1.9875439431932238,0.5433332954222957,0.6666666666666666,0.5666666666666667,0.8666666666666667
12,156,80.8,0.4078367805480957,2.59930855178833,0.6563999471664429,12,156,71.11111111111111,0.5756310424612214,2.4000815398163264,0.5788888484032617,0.7111111111111111,0.6666666666666666,0.8
12,157,78.1,0.4244110515117645,2.5518244228363036,0.6347999491691589,12,157,62.22222222222222,0.784067806456652,2.362079972028732,0.5077777424413297,0.6222222222222222,0.43333333333333335,1.0
12,158,79.1,0.42132338166236877,2.5232591934204103,0.6427999472618103,12,158,71.11111111111111,0.7889285571769707,2.319541832473543,0.5788888484032617,0.7111111111111111,0.6333333333333333,0.8666666666666667
12,159,81.5,0.3918498225212097,2.637043794631958,0.661999942779541,12,159,55.55555555555556,1.0702593509770748,1.6292714503076342,0.45444441296988064,0.5555555555555556,0.36666666666666664,0.9333333333333333
12,160,80.6,0.389011864900589,2.5274467582702638,0.6547999501228332,12,160,73.33333333333333,0.6205746860553821,2.298002074493302,0.5966666248937448,0.7333333333333333,0.6666666666666666,0.8666666666666667
12,161,80.4,0.39990844440460205,2.573770257949829,0.6531999478340149,12,161,62.22222222222222,0.7704206992302918,1.7656507285104857,0.5077777424413297,0.6222222222222222,0.5333333333333333,0.8
12,162,81.5,0.3926357853412628,2.55395468711853,0.6619999465942383,12,162,64.44444444444444,0.6899735575981645,1.9196452915668487,0.5255555189318127,0.6444444444444445,0.5333333333333333,0.8666666666666667
12,163,77.8,0.41431321716308595,2.4496227045059205,0.6323999509811401,12,163,55.55555555555556,0.7933682763535116,2.062177072630988,0.45444441296988064,0.5555555555555556,0.4,0.8666666666666667
12,164,78.7,0.43418124556541443,2.4822655143737795,0.639599946975708,12,164,73.33333333333333,0.6874810832449132,2.026534675889545,0.5966666248937448,0.7333333333333333,0.7,0.8
12,165,80.3,0.4115379643440247,2.559400218963623,0.6523999466896057,12,165,64.44444444444444,0.720719309939563,2.124453396929635,0.5255555189318127,0.6444444444444445,0.6333333333333333,0.6666666666666666
12,166,82.1,0.39035298824310305,2.5993102798461916,0.666799946308136,12,166,66.66666666666667,0.9256381000288432,2.200823469956716,0.5433332954222957,0.6666666666666666,0.5666666666666667,0.8666666666666667
12,167,76.2,0.4524078841209412,2.397751901626587,0.6195999546051025,12,167,62.22222222222222,0.7595899968408049,1.9512687050633961,0.5077777424413297,0.6222222222222222,0.5,0.8666666666666667
12,168,82.0,0.36139709925651553,2.6124187240600585,0.665999948501587,12,168,55.55555555555556,0.8003786664637219,1.5237748702367147,0.45444441296988064,0.5555555555555556,0.4,0.8666666666666667
12,169,78.7,0.41490808057785034,2.5487700443267824,0.639599946975708,12,169,73.33333333333333,0.5661903188874324,2.1843790885474945,0.5966666248937448,0.7333333333333333,0.7666666666666667,0.6666666666666666
12,170,81.9,0.38701308035850523,2.5892673959732058,0.6651999459266663,12,170,66.66666666666667,0.6949772950624012,1.9495735741323894,0.5433332954222957,0.6666666666666666,0.6,0.8
12,171,80.8,0.4035538175106049,2.578138258934021,0.6563999462127685,12,171,68.88888888888889,0.6919756697904732,2.087228895558251,0.5611110719127788,0.6888888888888889,0.6,0.8666666666666667
12,172,78.6,0.41862413024902345,2.471469825744629,0.6387999529838562,12,172,64.44444444444444,0.641386828576732,2.0161366985903846,0.5255555189318127,0.6444444444444445,0.6,0.7333333333333333
12,173,79.6,0.424095901966095,2.5217182903289794,0.6467999477386475,12,173,66.66666666666667,0.7973798539204937,1.7286944631073209,0.5433332954222957,0.6666666666666666,0.5666666666666667,0.8666666666666667
12,174,78.7,0.415601452589035,2.511249937057495,0.6395999484062195,12,174,57.77777777777778,0.7609388268639425,1.7604307002491422,0.47222218946036365,0.5777777777777777,0.43333333333333335,0.8666666666666667
12,175,79.7,0.4013836290836334,2.5282086334228517,0.6475999445915223,12,175,51.111111111111114,0.9840696970827948,1.710043301184972,0.4188888599889146,0.5111111111111111,0.3333333333333333,0.8666666666666667
12,176,76.8,0.44812347149848936,2.4161690216064455,0.6243999538421631,12,176,62.22222222222222,0.7291789890577394,2.2345183422168096,0.5077777424413297,0.6222222222222222,0.5666666666666667,0.7333333333333333
12,177,82.0,0.37381234526634216,2.519280340194702,0.6659999442100525,12,177,71.11111111111111,0.7966926186448998,2.12375329832236,0.5788888484032617,0.7111111111111111,0.6,0.9333333333333333
12,178,81.3,0.3726880860328674,2.6039177799224853,0.6603999481201172,12,178,68.88888888888889,0.8252272608585625,2.106182153854105,0.5611110719127788,0.6888888888888889,0.5666666666666667,0.9333333333333333
12,179,82.5,0.3931676173210144,2.6767332725524904,0.669999942779541,12,179,75.55555555555556,0.6105122925403218,2.476273834043079,0.6144444013842278,0.7555555555555555,0.7,0.8666666666666667
12,180,78.1,0.41099796557426455,2.469748302459717,0.6347999539375305,12,180,62.22222222222222,0.7178147918533392,1.9053920404778586,0.5077777424413297,0.6222222222222222,0.5333333333333333,0.8
12,181,81.5,0.37488394892215726,2.581230951309204,0.6619999470710755,12,181,60.0,0.7937801904146908,1.8063545160823398,0.48999996595084666,0.6,0.4,1.0
12,182,79.6,0.4034334225654602,2.565153450012207,0.6467999477386475,12,182,57.77777777777778,0.6865135033126636,1.6720154265562692,0.47222218946036365,0.5777777777777777,0.5333333333333333,0.6666666666666666
12,183,81.7,0.3796398320198059,2.5797048606872557,0.6635999445915222,12,183,71.11111111111111,0.6617534972927186,2.147201102640894,0.5788888484032617,0.7111111111111111,0.6333333333333333,0.8666666666666667
12,184,79.8,0.394640736579895,2.5092116718292234,0.6483999528884887,12,184,73.33333333333333,0.6722435998782101,2.638720008730888,0.5966666248937448,0.7333333333333333,0.7,0.8
12,185,80.3,0.39780406761169435,2.54636047744751,0.6523999519348145,12,185,73.33333333333333,0.5241975292452682,2.5148320506016413,0.5966666248937448,0.7333333333333333,0.7,0.8
12,186,80.9,0.38130617690086366,2.6092203636169433,0.6571999454498291,12,186,71.11111111111111,0.6580783060441409,2.360777602261967,0.5788888484032617,0.7111111111111111,0.7,0.7333333333333333
12,187,81.6,0.3578279206752777,2.662755878448486,0.6627999458312989,12,187,64.44444444444444,0.6705149070670208,1.9931489672925737,0.5255555189318127,0.6444444444444445,0.6333333333333333,0.6666666666666666
12,188,81.9,0.3597746057510376,2.6318611221313475,0.6651999473571777,12,188,66.66666666666667,0.8602618689230035,1.934642533461253,0.5433332954222957,0.6666666666666666,0.6666666666666666,0.6666666666666666
12,189,78.8,0.4150338690280914,2.5295077724456787,0.640399953365326,12,189,68.88888888888889,0.8699972802773116,1.8084442840682136,0.5611110719127788,0.6888888888888889,0.5666666666666667,0.9333333333333333
12,190,80.2,0.41131516313552857,2.550092233657837,0.6515999450683594,12,190,62.22222222222222,0.7040636909870134,2.159028488066461,0.5077777424413297,0.6222222222222222,0.4666666666666667,0.9333333333333333
12,191,81.6,0.3832051227092743,2.6261181120872497,0.6627999439239501,12,191,66.66666666666667,1.0024788617415121,2.140701804227299,0.5433332954222957,0.6666666666666666,0.5666666666666667,0.8666666666666667
12,192,82.8,0.3542199615240097,2.6087564125061036,0.6723999438285828,12,192,71.11111111111111,0.8802624138279094,2.129940493239297,0.5788888484032617,0.7111111111111111,0.6,0.9333333333333333
12,193,79.9,0.40070424509048463,2.514801773071289,0.649199948310852,12,193,64.44444444444444,0.8423813927711712,1.795677548646927,0.5255555189318127,0.6444444444444445,0.5666666666666667,0.8
12,194,82.5,0.3750740821361542,2.627293215751648,0.6699999442100525,12,194,68.88888888888889,0.8690996838733553,2.1410486264361275,0.5611110719127788,0.6888888888888889,0.6,0.8666666666666667
12,195,83.2,0.35572041153907774,2.616109859466553,0.6755999393463135,12,195,57.77777777777778,1.0116132495303949,1.718780334128274,0.47222218946036365,0.5777777777777777,0.36666666666666664,1.0
12,196,81.2,0.38553701603412627,2.6352546672821044,0.6595999450683594,12,196,66.66666666666667,0.6766962227101128,1.7340688188870748,0.5433332954222957,0.6666666666666666,0.6,0.8
12,197,79.2,0.39859182834625245,2.5091099128723147,0.6435999507904053,12,197,64.44444444444444,0.8403334429073664,1.7101951595809726,0.5255555189318127,0.6444444444444445,0.5666666666666667,0.8
12,198,81.4,0.365168184876442,2.634344090461731,0.6611999435424805,12,198,68.88888888888889,0.6810287625270172,2.3953500399986902,0.5611110719127788,0.6888888888888889,0.6666666666666666,0.7333333333333333
12,199,82.1,0.3688790558576584,2.6512280235290526,0.6667999429702759,12,199,64.44444444444444,0.8271120392820901,2.070845137702094,0.5255555189318127,0.6444444444444445,0.5666666666666667,0.8
12,200,80.4,0.3785916188955307,2.6293400573730468,0.6531999473571777,12,200,66.66666666666667,0.8462341965279645,2.0808641417158973,0.5433332954222957,0.6666666666666666,0.6,0.8
12,201,82.7,0.3588309782445431,2.700305389404297,0.671599946975708,12,201,73.33333333333333,0.63661393617642,2.1677038768927255,0.5966666248937448,0.7333333333333333,0.7666666666666667,0.6666666666666666
12,202,83.5,0.36466511225700377,2.7107629985809325,0.6779999465942382,12,202,71.11111111111111,0.6573829198799407,2.3389195293188094,0.5788888484032617,0.7111111111111111,0.6333333333333333,0.8666666666666667
12,203,82.5,0.3715902545452118,2.653366520881653,0.6699999461174011,12,203,68.88888888888889,0.6515086668129596,1.8508286711242463,0.5611110719127788,0.6888888888888889,0.7333333333333333,0.6
12,204,81.2,0.37768999564647676,2.5952310523986815,0.6595999460220336,12,204,55.55555555555556,0.9493018730155351,1.8345885988738801,0.45444441296988064,0.5555555555555556,0.36666666666666664,0.9333333333333333
12,205,80.4,0.40177297687530517,2.5129425859451295,0.6531999492645264,12,205,73.33333333333333,0.6285284530571921,2.5300801359944876,0.5966666248937448,0.7333333333333333,0.6666666666666666,0.8666666666666667
12,206,83.7,0.331526883482933,2.708621011734009,0.6795999398231506,12,206,57.77777777777778,1.1023500675930527,2.167615520622995,0.47222218946036365,0.5777777777777777,0.36666666666666664,1.0
12,207,81.2,0.40616370356082915,2.63231453704834,0.6595999479293824,12,207,68.88888888888889,0.6476888297116324,2.324843508667416,0.5611110719127788,0.6888888888888889,0.6,0.8666666666666667
12,208,84.1,0.3432920572757721,2.7078097591400145,0.6827999458312989,12,208,71.11111111111111,0.73147205319247,1.8596935984161165,0.5788888484032617,0.7111111111111111,0.6333333333333333,0.8666666666666667
12,209,79.3,0.3823970872163773,2.5208873691558837,0.6443999481201171,12,209,66.66666666666667,0.747259441115279,2.1509603013594947,0.5433332954222957,0.6666666666666666,0.5333333333333333,0.9333333333333333
12,210,83.7,0.3384591624736786,2.6504163646698,0.6795999422073364,12,210,75.55555555555556,0.7028696586481272,2.450620648264885,0.6144444013842278,0.7555555555555555,0.6666666666666666,0.9333333333333333
12,211,83.0,0.3386156897544861,2.6667828273773195,0.6739999413490295,12,211,66.66666666666667,0.6913122209875527,2.054992786049843,0.5433332954222957,0.6666666666666666,0.6666666666666666,0.6666666666666666
12,212,82.7,0.3465043171644211,2.6770505485534666,0.6715999450683594,12,212,68.88888888888889,0.6378132164141991,2.538784213198556,0.5611110719127788,0.6888888888888889,0.6333333333333333,0.8
12,213,80.3,0.3786981700658798,2.5226909828186037,0.6523999462127685,12,213,71.11111111111111,0.5488743595565312,2.138646189371745,0.5788888484032617,0.7111111111111111,0.6333333333333333,0.8666666666666667
12,214,81.2,0.35529016876220704,2.650609062194824,0.6595999412536621,12,214,73.33333333333333,0.5428117420352931,2.34202210340235,0.5966666248937448,0.7333333333333333,0.7,0.8
12,215,82.9,0.3589365009069443,2.6651408500671385,0.6731999454498291,12,215,64.44444444444444,0.6457394625524658,1.917249028550254,0.5255555189318127,0.6444444444444445,0.5333333333333333,0.8666666666666667
12,216,81.0,0.35591747498512266,2.606424047470093,0.6579999470710755,12,216,80.0,0.6671828448151547,2.2865042623546388,0.6499999543651939,0.8,0.7666666666666667,0.8666666666666667
12,217,82.1,0.35307237413525583,2.61683616065979,0.6667999439239501,12,217,75.55555555555556,0.537978455909696,2.185728641682201,0.6144444013842278,0.7555555555555555,0.8333333333333334,0.6
12,218,83.2,0.3699219977855682,2.5814880962371825,0.6755999422073364,12,218,73.33333333333333,0.7728008161609371,2.2063404460748037,0.5966666248937448,0.7333333333333333,0.7333333333333333,0.7333333333333333
12,219,85.3,0.3493851665258408,2.7204629669189453,0.6923999404907226,12,219,66.66666666666667,0.65593417044729,1.9969187100728354,0.5433332954222957,0.6666666666666666,0.6,0.8
12,220,84.3,0.3338147200345993,2.6394134635925295,0.6843999404907226,12,220,73.33333333333333,0.4408298216404444,2.066945282618205,0.5966666248937448,0.7333333333333333,0.7666666666666667,0.6666666666666666
12,221,82.8,0.38100435519218445,2.71149006652832,0.6723999443054199,12,221,75.55555555555556,0.6951085956146318,2.383285677101877,0.6144444013842278,0.7555555555555555,0.7,0.8666666666666667
12,222,83.9,0.3372769924402237,2.7094954833984377,0.6811999464035035,12,222,71.11111111111111,0.7717943850723611,2.3390916224983003,0.5788888484032617,0.7111111111111111,0.6333333333333333,0.8666666666666667
12,223,81.3,0.3776283587217331,2.661506004333496,0.6603999452590943,12,223,73.33333333333333,0.6338123719867225,2.1356762174102997,0.5966666248937448,0.7333333333333333,0.6333333333333333,0.9333333333333333
12,224,85.7,0.3217973824739456,2.7511137981414793,0.6955999412536621,12,224,71.11111111111111,0.8540560411754717,2.051985647943285,0.5788888484032617,0.7111111111111111,0.6333333333333333,0.8666666666666667
12,225,80.4,0.37622106838226316,2.557374195098877,0.6531999473571777,12,225,60.0,0.7858993945022418,1.665948196583324,0.48999996595084666,0.6,0.43333333333333335,0.9333333333333333
12,226,83.3,0.34481602275371553,2.7041666049957276,0.6763999438285828,12,226,66.66666666666667,0.5708093231152209,2.267066134346856,0.5433332954222957,0.6666666666666666,0.6666666666666666,0.6666666666666666
12,227,84.3,0.3393685917854309,2.678131977081299,0.684399938583374,12,227,51.111111111111114,1.1009193545937808,1.4628250936667124,0.4188888599889146,0.5111111111111111,0.43333333333333335,0.6666666666666666
12,228,80.4,0.4025428168773651,2.505719030380249,0.6531999473571777,12,228,60.0,0.7399024599897934,1.606763732764456,0.48999996595084666,0.6,0.4666666666666667,0.8666666666666667
12,229,81.8,0.3520890531539917,2.629435451507568,0.6643999500274658,12,229,57.77777777777778,0.9006110665293818,1.990621836649047,0.47222218946036365,0.5777777777777777,0.43333333333333335,0.8666666666666667
12,230,84.7,0.3284085247516632,2.7096282424926756,0.6875999383926391,12,230,62.22222222222222,0.8999549152707914,2.0986447115739186,0.5077777424413297,0.6222222222222222,0.43333333333333335,1.0
12,231,81.8,0.35951287412643435,2.590146327972412,0.6643999452590943,12,231,77.77777777777777,0.46517519928339524,2.568082668715053,0.6322221778747108,0.7777777777777778,0.7,0.9333333333333333
12,232,83.8,0.3200317513346672,2.6554030094146728,0.680399941444397,12,232,71.11111111111111,0.6800530372978958,2.2454095916615593,0.5788888484032617,0.7111111111111111,0.7,0.7333333333333333
12,233,83.5,0.32506840467453,2.7273752136230467,0.677999948501587,12,233,73.33333333333333,0.6401780127534746,2.388960771759351,0.5966666248937448,0.7333333333333333,0.6333333333333333,0.9333333333333333
12,234,85.5,0.3370161640644074,2.7426469230651858,0.6939999437332154,12,234,71.11111111111111,0.6521882914938033,2.24459390507804,0.5788888484032617,0.7111111111111111,0.7333333333333333,0.6666666666666666
12,235,80.2,0.3977130973339081,2.5607450351715086,0.6515999488830566,12,235,75.55555555555556,0.6309157412447449,2.4236036476161744,0.6144444013842278,0.7555555555555555,0.6666666666666666,0.9333333333333333
12,236,82.6,0.3537926528453827,2.6215788955688475,0.6707999453544616,12,236,75.55555555555556,0.6162747482546466,2.443390267425113,0.6144444013842278,0.7555555555555555,0.7,0.8666666666666667
12,237,82.2,0.34998325979709627,2.620345609664917,0.667599944114685,12,237,68.88888888888889,0.7766553734003941,2.3109931217299566,0.5611110719127788,0.6888888888888889,0.6,0.8666666666666667
12,238,84.2,0.3392515350580215,2.714180551528931,0.6835999412536621,12,238,68.88888888888889,0.6470636097132229,2.0710360868109596,0.5611110719127788,0.6888888888888889,0.6,0.8666666666666667
12,239,82.2,0.3494311857223511,2.626752889633179,0.6675999479293824,12,239,64.44444444444444,0.5785058606658519,1.9228667318820953,0.5255555189318127,0.6444444444444445,0.6333333333333333,0.6666666666666666
12,240,84.4,0.32963701075315477,2.7137634868621827,0.6851999416351319,12,240,71.11111111111111,0.5089098341063315,2.528430220153597,0.5788888484032617,0.7111111111111111,0.7333333333333333,0.6666666666666666
12,241,83.6,0.33847026830911636,2.6847502269744874,0.6787999467849731,12,241,75.55555555555556,0.5053501443100887,2.245405825972557,0.6144444013842278,0.7555555555555555,0.7333333333333333,0.8
12,242,82.7,0.33102111423015596,2.6123015880584717,0.6715999431610108,12,242,53.333333333333336,1.1526369310447888,1.4271521353059344,0.43666663647939763,0.5333333333333333,0.3333333333333333,0.9333333333333333
12,243,82.8,0.3456425231695175,2.7095164852142335,0.6723999409675598,12,243,82.22222222222223,0.40341058048874806,2.891046945916282,0.6677777308556768,0.8222222222222222,0.8333333333333334,0.8
12,244,81.9,0.3487833534479141,2.655955713272095,0.6651999444961548,12,244,75.55555555555556,0.4927593283248522,2.511113859216372,0.6144444013842278,0.7555555555555555,0.7,0.8666666666666667
12,245,84.4,0.32369779074192045,2.679636974334717,0.6851999454498291,12,245,77.77777777777777,0.5986715311650035,2.384003343184789,0.6322221778747108,0.7777777777777778,0.7333333333333333,0.8666666666666667
12,246,84.2,0.3211848266720772,2.6970797843933108,0.6835999450683594,12,246,73.33333333333333,0.7439173013566814,2.3669789572556814,0.5966666248937448,0.7333333333333333,0.7333333333333333,0.7333333333333333
12,247,81.3,0.36696972036361697,2.6007514343261717,0.6603999481201172,12,247,60.0,0.9924158357627056,2.0138157745202383,0.48999996595084666,0.6,0.43333333333333335,0.9333333333333333
12,248,82.8,0.36248565220832824,2.6620814666748047,0.6723999485969544,12,248,68.88888888888889,0.6735576226983944,2.2756031009886,0.5611110719127788,0.6888888888888889,0.6,0.8666666666666667
12,249,86.0,0.3097714864611626,2.7709317092895507,0.697999939918518,12,249,73.33333333333333,0.5227544881941867,2.5224456151326495,0.5966666248937448,0.7333333333333333,0.7666666666666667,0.6666666666666666
12,250,83.7,0.3560241723060608,2.6366633472442627,0.6795999422073364,12,250,64.44444444444444,0.7880853214748034,1.8902132090595034,0.5255555189318127,0.6444444444444445,0.5,0.9333333333333333
12,251,81.8,0.3427651677131653,2.5281719608306883,0.6643999471664429,12,251,77.77777777777777,0.42980871037260726,2.806193055378066,0.6322221778747108,0.7777777777777778,0.7333333333333333,0.8666666666666667
12,252,82.7,0.36429084968566894,2.7248536014556883,0.6715999474525451,12,252,71.11111111111111,0.540571306664626,2.083717554476526,0.5788888484032617,0.7111111111111111,0.7,0.7333333333333333
12,253,82.2,0.3364445343017578,2.5988270206451416,0.6675999484062195,12,253,68.88888888888889,0.8830605262333039,1.8295455925994448,0.5611110719127788,0.6888888888888889,0.6666666666666666,0.7333333333333333
12,254,85.2,0.32573245286941527,2.7433130531311036,0.6915999355316163,12,254,71.11111111111111,0.6294945563422516,2.2399468772941167,0.5788888484032617,0.7111111111111111,0.6,0.9333333333333333
12,255,85.5,0.3196668367981911,2.783478588104248,0.6939999389648438,12,255,62.22222222222222,1.0219700413070516,2.0552787757582136,0.5077777424413297,0.6222222222222222,0.4666666666666667,0.9333333333333333
12,256,82.2,0.35692198574543,2.522926607131958,0.6675999431610108,12,256,71.11111111111111,0.656531115218402,2.199471870727009,0.5788888484032617,0.7111111111111111,0.7666666666666667,0.6
12,257,81.0,0.35897251176834105,2.521286029815674,0.6579999465942383,12,257,62.22222222222222,1.0033066411219704,1.814898263083564,0.5077777424413297,0.6222222222222222,0.4666666666666667,0.9333333333333333
12,258,84.3,0.34609405982494357,2.768237441062927,0.684399938583374,12,258,71.11111111111111,0.6412733464336876,2.099590470724636,0.5788888484032617,0.7111111111111111,0.6333333333333333,0.8666666666666667
12,259,83.3,0.3423683978319168,2.711527781009674,0.6763999445438384,12,259,75.55555555555556,0.4744902353680421,2.305948578980234,0.6144444013842278,0.7555555555555555,0.8333333333333334,0.6
12,260,82.7,0.33572327947616576,2.605759531021118,0.6715999488830566,12,260,71.11111111111111,0.8785712695981298,2.1756863050990636,0.5788888484032617,0.7111111111111111,0.5666666666666667,1.0
12,261,84.3,0.32652831852436065,2.711428749084473,0.6843999423980713,12,261,73.33333333333333,0.5117662734662493,2.1927879015604654,0.5966666248937448,0.7333333333333333,0.6666666666666666,0.8666666666666667
12,262,85.7,0.31019474053382873,2.6879081325531007,0.6955999383926391,12,262,71.11111111111111,0.6608572257555756,2.227659837404887,0.5788888484032617,0.7111111111111111,0.6,0.9333333333333333
12,263,83.9,0.3301215177774429,2.716618934631348,0.6811999397277833,12,263,62.22222222222222,0.6746046271041753,1.9914565003580518,0.5077777424413297,0.6222222222222222,0.5,0.8666666666666667
12,264,82.6,0.3403460671901703,2.6256484775543214,0.6707999496459961,12,264,80.0,0.5293405846595609,2.52242224878735,0.6499999543651939,0.8,0.7666666666666667,0.8666666666666667
12,265,81.4,0.3577950325012207,2.559805543899536,0.6611999478340149,12,265,77.77777777777777,0.7965813473125712,2.2519831866025926,0.6322221778747108,0.7777777777777778,0.7333333333333333,0.8666666666666667
12,266,85.9,0.3063230993747711,2.732260759353638,0.6971999397277832,12,266,75.55555555555556,0.5698787724702723,2.3433964427974487,0.6144444013842278,0.7555555555555555,0.6666666666666666,0.9333333333333333
12,267,82.0,0.3477795648574829,2.5765023441314696,0.6659999446868896,12,267,64.44444444444444,0.8401436894575858,2.0465965300798414,0.5255555189318127,0.6444444444444445,0.5333333333333333,0.8666666666666667
12,268,84.0,0.34056198167800905,2.708072525024414,0.6819999451637269,12,268,60.0,0.9469596944574732,1.7514750278658338,0.48999996595084666,0.6,0.4,1.0
12,269,83.9,0.336081797003746,2.6858246898651124,0.6811999440193176,12,269,75.55555555555556,0.6166855394077073,2.385875023735894,0.6144444013842278,0.7555555555555555,0.6666666666666666,0.9333333333333333
12,270,83.6,0.31308059620857237,2.686451295852661,0.6787999420166015,12,270,73.33333333333333,0.55716285502357,2.029936241110166,0.5966666248937448,0.7333333333333333,0.6666666666666666,0.8666666666666667
12,271,82.9,0.34477533638477326,2.6336042671203614,0.6731999459266662,12,271,71.11111111111111,0.5890410899928409,1.910331967804167,0.5788888484032617,0.7111111111111111,0.6333333333333333,0.8666666666666667
12,272,86.1,0.29750834906101226,2.7647510528564454,0.6987999415397644,12,272,64.44444444444444,1.0029322618224898,1.846824582086669,0.5255555189318127,0.6444444444444445,0.5,0.9333333333333333
12,273,80.7,0.35949446058273316,2.54005633354187,0.6555999455451965,12,273,68.88888888888889,0.9016720103861492,2.4648359103335276,0.5611110719127788,0.6888888888888889,0.5666666666666667,0.9333333333333333
12,274,84.9,0.3104564888477325,2.669715642929077,0.689199942111969,12,274,71.11111111111111,0.9194077276760557,2.095877201689614,0.5788888484032617,0.7111111111111111,0.6,0.9333333333333333
12,275,84.1,0.3130140806436539,2.7069649963378906,0.6827999439239502,12,275,73.33333333333333,0.8143000900409081,2.160117108623187,0.5966666248937448,0.7333333333333333,0.6,1.0
12,276,85.4,0.30723288989067077,2.798248281478882,0.6931999406814575,12,276,53.333333333333336,1.1091200981658806,1.5196670482556025,0.43666663647939763,0.5333333333333333,0.3333333333333333,0.9333333333333333
12,277,84.9,0.3136679413318634,2.6763923454284666,0.689199939250946,12,277,71.11111111111111,0.7663543938574903,2.6911166078514523,0.5788888484032617,0.7111111111111111,0.6333333333333333,0.8666666666666667
12,278,85.9,0.29201528906822205,2.7780637550354004,0.6971999416351319,12,278,68.88888888888889,0.9543929334478851,1.9679949528641172,0.5611110719127788,0.6888888888888889,0.5666666666666667,0.9333333333333333
12,279,84.4,0.3016999689936638,2.709619201660156,0.6851999411582946,12,279,73.33333333333333,0.5299083324644015,2.43271489739418,0.5966666248937448,0.7333333333333333,0.6666666666666666,0.8666666666666667
12,280,82.5,0.3571037194728851,2.627290380477905,0.6699999446868896,12,280,68.88888888888889,0.8032288449619753,2.4259818904929693,0.5611110719127788,0.6888888888888889,0.6333333333333333,0.8
12,281,83.1,0.32717858839035036,2.620624418258667,0.6747999429702759,12,281,66.66666666666667,0.7951226161239093,1.9373178713851504,0.5433332954222957,0.6666666666666666,0.5333333333333333,0.9333333333333333
12,282,82.8,0.35354283118247987,2.703870756149292,0.6723999447822571,12,282,71.11111111111111,0.6752298813873494,2.213835960957739,0.5788888484032617,0.7111111111111111,0.5666666666666667,1.0
12,283,84.5,0.33252990102767943,2.637467182159424,0.6859999418258667,12,283,73.33333333333333,0.601111596826215,2.5484557506110934,0.5966666248937448,0.7333333333333333,0.6666666666666666,0.8666666666666667
12,284,84.6,0.3233198142051697,2.656883819580078,0.6867999391555786,12,284,73.33333333333333,0.5390025857801245,2.252071393860711,0.5966666248937448,0.7333333333333333,0.6666666666666666,0.8666666666666667
12,285,85.7,0.2806488646268845,2.7587679710388184,0.6955999402999878,12,285,75.55555555555556,0.672264972458389,2.1585532228151956,0.6144444013842278,0.7555555555555555,0.6333333333333333,1.0
12,286,83.9,0.358507084608078,2.675305824279785,0.681199944972992,12,286,73.33333333333333,0.5550265636770443,2.443560253249274,0.5966666248937448,0.7333333333333333,0.6333333333333333,0.9333333333333333
12,287,86.4,0.29588741159439086,2.742354669570923,0.7011999382972717,12,287,71.11111111111111,0.7363351630997689,1.9916525767909157,0.5788888484032617,0.7111111111111111,0.6333333333333333,0.8666666666666667
12,288,83.5,0.3335064608454704,2.650163053512573,0.6779999442100525,12,288,75.55555555555556,0.5477848801928404,2.3925741483767826,0.6144444013842278,0.7555555555555555,0.6666666666666666,0.9333333333333333
12,289,86.3,0.28336532187461855,2.6822656173706054,0.700399938583374,12,289,71.11111111111111,0.7838390423281857,2.1036643856101565,0.5788888484032617,0.7111111111111111,0.6,0.9333333333333333
12,290,81.8,0.36810074281692506,2.5619692821502684,0.6643999471664429,12,290,71.11111111111111,0.49663137845038563,2.1301817350917394,0.5788888484032617,0.7111111111111111,0.7333333333333333,0.6666666666666666
12,291,83.7,0.33625890612602233,2.6770053691864013,0.6795999412536621,12,291,73.33333333333333,0.8036720064147327,2.03703520960278,0.5966666248937448,0.7333333333333333,0.6,1.0
12,292,86.8,0.27975387465953827,2.7748650093078613,0.7043999404907226,12,292,75.55555555555556,0.5845161526487471,2.542756053805351,0.6144444013842278,0.7555555555555555,0.6666666666666666,0.9333333333333333
12,293,86.0,0.2911945139169693,2.828144660949707,0.697999942779541,12,293,73.33333333333333,0.5782972902290667,2.424224547545115,0.5966666248937448,0.7333333333333333,0.7666666666666667,0.6666666666666666
12,294,83.7,0.3412211608886719,2.731012182235718,0.6795999412536621,12,294,80.0,0.5785452989460377,2.7271778063641654,0.6499999543651939,0.8,0.7666666666666667,0.8666666666666667
12,295,84.2,0.3191155577301979,2.6870908432006835,0.6835999431610107,12,295,77.77777777777777,0.7026394507888553,2.6164555847644806,0.6322221778747108,0.7777777777777778,0.7,0.9333333333333333
12,296,83.6,0.31773590004444124,2.717935924530029,0.6787999448776245,12,296,77.77777777777777,0.5773508939334836,2.3564752770794763,0.6322221778747108,0.7777777777777778,0.8,0.7333333333333333
12,297,85.9,0.2960041677951813,2.752600652694702,0.6971999416351319,12,297,71.11111111111111,0.5877172908143621,2.24213283724255,0.5788888484032617,0.7111111111111111,0.6333333333333333,0.8666666666666667
12,298,85.7,0.3127701210975647,2.7225369873046876,0.6955999383926391,12,298,68.88888888888889,0.9333930643472235,2.2507249156634015,0.5611110719127788,0.6888888888888889,0.6,0.8666666666666667
12,299,85.1,0.30996730852127075,2.7437500381469726,0.6907999424934387,12,299,71.11111111111111,1.1331388657725054,2.1761816922161312,0.5788888484032617,0.7111111111111111,0.6,0.9333333333333333
12,300,83.3,0.34685690414905546,2.6557685775756834,0.6763999443054199,12,300,75.55555555555556,0.6684835169464349,2.3608610063791273,0.6144444013842278,0.7555555555555555,0.6666666666666666,0.9333333333333333
12,301,83.0,0.3467119837999344,2.5710238609313967,0.673999939918518,12,301,71.11111111111111,0.5782386533857182,2.0717427008681826,0.5788888484032617,0.7111111111111111,0.7,0.7333333333333333
12,302,84.7,0.3061875249147415,2.7252994022369386,0.6875999402999878,12,302,68.88888888888889,0.9226013660042844,1.8870877905024424,0.5611110719127788,0.6888888888888889,0.5333333333333333,1.0
12,303,87.1,0.29613469672203063,2.754938938140869,0.7067999382019043,12,303,73.33333333333333,0.4403701116964732,2.21335229575634,0.5966666248937448,0.7333333333333333,0.7333333333333333,0.7333333333333333
12,304,84.8,0.31346239256858827,2.759454656600952,0.6883999433517456,12,304,68.88888888888889,0.8009204416561463,2.3686625470717746,0.5611110719127788,0.6888888888888889,0.6333333333333333,0.8
12,305,84.6,0.31138689744472503,2.6828276195526124,0.6867999382019043,12,305,71.11111111111111,0.8040892546175075,2.1240084167983797,0.5788888484032617,0.7111111111111111,0.6,0.9333333333333333
12,306,86.5,0.2897462388277054,2.8234239501953127,0.7019999380111694,12,306,66.66666666666667,1.1494862319332442,2.3263723618454404,0.5433332954222957,0.6666666666666666,0.5,1.0
12,307,85.7,0.30504482591152193,2.7427355060577394,0.6955999398231506,12,307,73.33333333333333,0.9227255922716318,2.117182864414321,0.5966666248937448,0.7333333333333333,0.6666666666666666,0.8666666666666667
12,308,86.1,0.31592531490325926,2.7190747032165525,0.698799940109253,12,308,68.88888888888889,1.0288849199636438,2.254707316888703,0.5611110719127788,0.6888888888888889,0.5666666666666667,0.9333333333333333
12,309,85.3,0.2982602404356003,2.7102506256103513,0.6923999404907226,12,309,68.88888888888889,1.1572619168485996,2.223842449320687,0.5611110719127788,0.6888888888888889,0.5333333333333333,1.0
12,310,87.3,0.2776467325091362,2.796455629348755,0.7083999376296997,12,310,71.11111111111111,0.8423787382926295,2.226009859641393,0.5788888484032617,0.7111111111111111,0.6333333333333333,0.8666666666666667
12,311,85.7,0.2986587769985199,2.7178332633972166,0.6955999393463135,12,311,73.33333333333333,0.4919716043308452,2.3476088417900933,0.5966666248937448,0.7333333333333333,0.8,0.6
12,312,84.3,0.3267764800786972,2.697915404319763,0.6843999433517456,12,312,68.88888888888889,0.9793691842214483,2.1637358884016673,0.5611110719127788,0.6888888888888889,0.6,0.8666666666666667
12,313,86.6,0.29056250500679015,2.7351210842132567,0.70279993724823,12,313,66.66666666666667,0.9789703236821878,2.335961919360691,0.5433332954222957,0.6666666666666666,0.5666666666666667,0.8666666666666667
12,314,88.8,0.2535478329658508,2.8429498443603514,0.7203999366760254,12,314,73.33333333333333,0.7946420519088835,2.0958858049578137,0.5966666248937448,0.7333333333333333,0.6333333333333333,0.9333333333333333
12,315,85.6,0.2902609889507294,2.773700294494629,0.6947999448776245,12,315,51.111111111111114,1.0786798807170876,1.7723836676941978,0.4188888599889146,0.5111111111111111,0.3,0.9333333333333333
12,316,83.6,0.31983675122261046,2.7077921485900878,0.6787999401092529,12,316,75.55555555555556,0.5133280670450909,2.4318286650710634,0.6144444013842278,0.7555555555555555,0.8,0.6666666666666666
12,317,86.7,0.28862652826309204,2.7804526557922364,0.7035999393463135,12,317,73.33333333333333,0.5163493066373122,2.667197627822558,0.5966666248937448,0.7333333333333333,0.7333333333333333,0.7333333333333333
12,318,87.3,0.27475321233272554,2.7321878604888914,0.7083999395370484,12,318,71.11111111111111,0.7340101877863061,2.3544068425893783,0.5788888484032617,0.7111111111111111,0.6,0.9333333333333333
12,319,85.4,0.2952471123933792,2.7319363899230957,0.6931999402046204,12,319,73.33333333333333,0.6128140226958648,2.2552818132771386,0.5966666248937448,0.7333333333333333,0.6333333333333333,0.9333333333333333
12,320,84.8,0.3126951361298561,2.7063497676849364,0.6883999423980713,12,320,71.11111111111111,0.7343152442840215,2.223099485701985,0.5788888484032617,0.7111111111111111,0.6,0.9333333333333333
12,321,86.3,0.2828673453330994,2.815542692184448,0.7003999390602111,12,321,77.77777777777777,0.5163916537866372,2.6559977607594596,0.6322221778747108,0.7777777777777778,0.8,0.7333333333333333
12,322,86.9,0.30571757102012637,2.7377763595581053,0.7051999397277832,12,322,82.22222222222223,0.4480707614993049,2.471899339887831,0.6677777308556768,0.8222222222222222,0.8,0.8666666666666667
12,323,88.9,0.25549287486076355,2.9177515411376955,0.7211999340057373,12,323,68.88888888888889,0.7078424727769743,2.333576234512859,0.5611110719127788,0.6888888888888889,0.5666666666666667,0.9333333333333333
12,324,83.5,0.32242073214054107,2.6123793354034426,0.6779999437332154,12,324,73.33333333333333,0.8057815125121528,2.50137905312909,0.5966666248937448,0.7333333333333333,0.6333333333333333,0.9333333333333333
12,325,86.8,0.2867787191867828,2.7887874908447268,0.7043999395370484,12,325,82.22222222222223,0.4804101423127577,2.736207044786877,0.6677777308556768,0.8222222222222222,0.8666666666666667,0.7333333333333333
12,326,88.0,0.26759217321872714,2.767102348327637,0.7139999389648437,12,326,80.0,0.5940343920286978,2.465337957607375,0.6499999543651939,0.8,0.8,0.8
