,Time,RGPX,RGPY,LGPX,LGPY,RPD,LPD ,x,y,z
0,0.2,1.188,0.964,1.112,0.877,4.695,4.673,0.50125,-0.0052500000000000185,11.075
1,0.30000000000000004,1.254,0.931,1.11,0.8805000000000001,4.743,4.6825,0.501,-0.167,11.3
2,0.5,1.101,0.8985,1.0345,0.8420000000000001,4.7725,4.7425,0.501,-0.167,11.3
3,0.6,0.606,0.2675,0.634,0.195,4.871,4.881,0.501,-0.167,11.3
4,0.7,0.6193333333333333,0.2793333333333334,0.6366666666666666,0.34366666666666673,4.909666666666666,4.974,0.501,-0.16666666666666666,11.300000000000002
5,0.7999999999999999,0.6016666666666667,0.283,0.6213333333333333,0.35200000000000004,4.951,5.059666666666667,0.5020000000000001,-0.16566666666666666,11.233333333333334
6,0.9999999999999999,0.5023333333333334,0.33433333333333337,0.5373333333333333,0.419,4.992333333333334,5.009666666666667,0.5043333333333333,-0.16166666666666665,11.033333333333333
7,1.0999999999999999,0.5073333333333333,0.3316666666666667,0.5366666666666666,0.416,4.989666666666667,5.059,0.5,-0.11043333333333333,10.366666666666665
8,1.2,0.5486666666666666,0.36999999999999994,0.5529999999999999,0.4286666666666667,5.008666666666667,5.188666666666666,0.48500000000000004,-0.0661,9.933333333333335
9,1.3,0.5910000000000001,0.40700000000000003,0.6016666666666667,0.49433333333333335,5.040666666666667,5.162333333333333,0.4736666666666666,-0.09143333333333332,9.976666666666667
10,2.600000000000001,0.7066666666666667,0.5236666666666667,0.722,0.559,5.009,5.083000000000001,0.4566666666666667,0.5286666666666666,8.796666666666667
11,2.800000000000001,0.444,0.442,0.47,0.5076666666666666,4.994666666666666,5.029333333333333,0.46166666666666667,0.6903333333333334,8.69
12,2.9000000000000012,0.42933333333333334,0.121,0.4263333333333333,0.20333333333333334,5.0649999999999995,5.114000000000001,0.463,0.7543333333333333,8.879999999999999
13,3.1000000000000014,0.4343333333333333,0.1386666666666667,0.4383333333333333,0.2313333333333333,5.026,5.120333333333334,0.45766666666666667,0.798,9.463333333333333
14,3.2000000000000015,0.4423333333333333,0.12166666666666666,0.42566666666666664,0.19966666666666666,5.000666666666667,5.132,0.45333333333333337,0.7850000000000001,9.5
15,3.4000000000000017,0.4503333333333333,0.10733333333333334,0.4563333333333333,0.17600000000000002,4.991333333333333,5.101,0.45766666666666667,0.7893333333333333,9.5
16,3.5000000000000018,0.41033333333333327,0.11633333333333333,0.4003333333333334,0.17633333333333331,5.015,5.101,0.45566666666666666,0.7863333333333333,9.5
17,3.700000000000002,0.4136666666666666,0.11733333333333333,0.4066666666666667,0.18233333333333332,5.0683333333333325,5.149,0.456,0.7835000000000001,9.5
18,4.000000000000002,0.4756666666666667,0.09366666666666668,0.4653333333333333,0.18233333333333332,5.193666666666666,5.229,0.49733333333333335,0.7896666666666667,9.5
19,4.100000000000001,0.476,0.09633333333333334,0.47000000000000003,0.18600000000000003,5.2250000000000005,5.2843333333333335,0.5403333333333334,0.7806666666666667,9.5
20,4.200000000000001,0.5676666666666667,0.13066666666666668,0.551,0.18000000000000002,5.190333333333333,5.274333333333334,0.5753333333333334,0.7639999999999999,9.713333333333333
21,4.4,0.6003333333333333,0.12000000000000001,0.5983333333333333,0.18566666666666665,5.152333333333334,5.244666666666666,0.6296666666666667,0.6533333333333334,10.266666666666667
22,4.6,0.5950000000000001,0.10133333333333333,0.6003333333333333,0.19000000000000003,5.175999999999999,5.2683333333333335,0.6223333333333333,0.7130000000000001,9.83
23,4.699999999999999,0.6226666666666667,0.12933333333333333,0.5983333333333333,0.18299999999999997,5.183,5.282,0.5743333333333333,0.7476666666666666,9.473333333333334
24,4.799999999999999,0.569,0.121,0.5556666666666668,0.1743333333333333,5.174,5.260000000000001,0.532,0.8056666666666666,9.25
25,5.099999999999998,0.5263333333333334,0.09400000000000001,0.5116666666666667,0.16666666666666666,5.1450000000000005,5.156666666666666,0.5420000000000001,0.8343333333333333,9.553333333333333
26,5.1999999999999975,0.528,0.09533333333333334,0.517,0.168,5.161666666666666,5.134333333333333,0.5593333333333333,0.832,9.61
27,5.299999999999997,0.5313333333333334,0.10366666666666667,0.5153333333333333,0.16466666666666666,5.181,5.162333333333334,0.566,0.832,9.636666666666668
28,5.399999999999997,0.5346666666666667,0.10233333333333333,0.518,0.16233333333333333,5.2,5.2299999999999995,0.5663333333333332,0.832,9.643333333333333
29,5.599999999999996,0.5526666666666668,0.104,0.5363333333333333,0.16933333333333334,5.217,5.2203333333333335,0.5566666666666666,0.8126666666666668,9.463333333333333
30,5.799999999999995,0.5545000000000001,0.1115,0.54025,0.1775,5.21225,5.20275,0.5455000000000001,0.7835000000000001,9.365
31,5.999999999999995,0.5573333333333333,0.11566666666666665,0.5426666666666667,0.19166666666666665,5.154333333333334,5.161666666666666,0.5556666666666668,0.8000000000000002,9.5
32,6.199999999999994,0.598,0.11566666666666665,0.5926666666666667,0.17800000000000002,5.107333333333334,5.107,0.56,0.799,9.5
33,6.299999999999994,0.5866666666666666,0.105,0.5983333333333333,0.18033333333333332,5.179333333333333,5.091,0.585,0.789,9.5
34,6.499999999999993,0.6116666666666667,0.124,0.5976666666666667,0.19866666666666666,5.157666666666667,5.080000000000001,0.642,0.7546666666666667,9.67
35,6.5999999999999925,0.593,0.1115,0.599,0.1885,5.146,5.105,0.6416666666666667,0.7546666666666667,9.653333333333334
36,6.8999999999999915,0.614,0.1385,0.5994999999999999,0.199,5.181,5.1065000000000005,0.5996666666666667,0.742,9.296666666666667
37,6.999999999999991,0.6025,0.11200000000000002,0.6005,0.193,5.201499999999999,5.1295,0.5993333333333334,0.7720000000000001,9.299999999999999
38,7.099999999999991,0.603,0.11399999999999999,0.599,0.19633333333333333,5.207666666666666,5.138333333333333,0.6203333333333333,0.787,9.46
39,7.39999999999999,0.6093333333333334,0.12233333333333334,0.608,0.20933333333333334,5.163333333333333,5.077333333333333,0.6373333333333333,0.7893333333333334,9.5
40,7.499999999999989,0.6890000000000001,0.1396666666666667,0.6880000000000001,0.2343333333333333,5.187666666666666,5.266333333333333,0.64,0.7883333333333334,9.5
41,7.599999999999989,0.6923333333333334,0.12966666666666668,0.699,0.25833333333333336,5.182666666666667,5.207333333333334,0.6446666666666667,0.7646666666666667,9.5
42,7.799999999999988,0.6885,0.14100000000000001,0.709,0.262,5.141500000000001,5.3195,0.6545000000000001,0.734,9.5
43,7.899999999999988,0.6915,0.14325000000000002,0.7094999999999999,0.26025,5.2005,5.33675,0.66125,0.71925,9.5
44,7.999999999999988,0.6986666666666665,0.14300000000000002,0.71,0.25666666666666665,5.227,5.415333333333333,0.6613333333333333,0.7133333333333333,9.5
45,8.199999999999987,0.6943333333333332,0.13166666666666668,0.7126666666666667,0.2383333333333333,5.183,5.435666666666667,0.6613333333333333,0.7036666666666666,9.5
46,8.299999999999986,0.6953333333333332,0.12166666666666666,0.7056666666666667,0.212,5.201,5.4639999999999995,0.662,0.7136666666666667,9.5
47,8.499999999999986,0.7023333333333334,0.09900000000000002,0.7103333333333333,0.19999999999999998,5.2236666666666665,5.475666666666666,0.656,0.753,9.5
48,8.599999999999985,0.711,0.08733333333333333,0.7086666666666667,0.18966666666666665,5.25,5.47,0.6523333333333333,0.7703333333333333,9.5
49,8.799999999999985,0.711,0.08766666666666667,0.7040000000000001,0.17566666666666664,5.244666666666666,5.451666666666667,0.6613333333333333,0.7743333333333334,9.5
50,8.999999999999984,0.707,0.09333333333333334,0.7040000000000001,0.18800000000000003,5.232,5.347333333333334,0.6856666666666668,0.7906666666666667,9.5
51,9.099999999999984,0.7053333333333334,0.08800000000000001,0.7056666666666667,0.18466666666666667,5.210333333333334,5.326333333333333,0.6953333333333332,0.7963333333333334,9.5
52,9.299999999999983,0.7905,0.0965,0.7765,0.1585,5.225,5.3335,0.7083333333333334,0.7916666666666666,9.5
53,9.399999999999983,0.798,0.10350000000000001,0.783,0.1815,5.2495,5.3675,0.72575,0.7795000000000001,9.5
54,9.699999999999982,0.7955000000000001,0.10250000000000001,0.787,0.16999999999999998,5.2285,5.372,0.7546666666666667,0.7656666666666667,9.649999999999999
55,9.799999999999981,0.7935000000000001,0.11499999999999999,0.779,0.19949999999999998,5.12375,5.179500000000001,0.727,0.7563333333333334,9.356666666666667
56,9.99999999999998,0.7833333333333333,0.1386666666666667,0.7833333333333333,0.20766666666666667,5.020333333333333,5.125333333333333,0.7119999999999999,0.7986666666666666,9.1
57,10.09999999999998,0.7840000000000001,0.12766666666666668,0.7869999999999999,0.19566666666666666,5.043,5.206666666666666,0.7166666666666667,0.8256666666666667,9.17
58,10.19999999999998,0.7746666666666666,0.10666666666666667,0.7709999999999999,0.15966666666666665,5.082333333333334,5.202333333333333,0.7516666666666666,0.82,9.38
59,10.29999999999998,0.7833333333333333,0.09766666666666668,0.782,0.16466666666666666,5.1306666666666665,5.283333333333334,0.7756666666666666,0.8033333333333333,9.49
60,10.499999999999979,0.7866666666666667,0.08833333333333333,0.7866666666666667,0.165,5.140333333333333,5.2860000000000005,0.785,0.7916666666666666,9.5
61,10.599999999999978,0.8366666666666666,0.10833333333333334,0.8106666666666666,0.15666666666666665,5.179,5.234,0.7880000000000001,0.7933333333333333,9.5
62,10.699999999999978,0.8513333333333334,0.12233333333333334,0.8203333333333332,0.151,5.174666666666667,5.233,0.7920000000000001,0.8013333333333333,9.5
63,10.999999999999977,0.8536666666666667,0.08733333333333333,0.8099999999999999,0.10033333333333333,5.2283333333333335,5.272666666666667,0.806,0.8343333333333333,9.5
64,11.099999999999977,0.8546666666666667,0.08466666666666667,0.66,0.06466666666666666,5.2443333333333335,5.408,0.8126666666666665,0.8373333333333334,9.5
65,11.199999999999976,0.866,0.081,0.49033333333333334,0.016999999999999998,5.2956666666666665,5.562666666666668,0.8170000000000001,0.8446666666666666,9.5
66,11.399999999999975,0.8690000000000001,0.061,0.8099999999999999,0.07233333333333332,5.3133333333333335,5.394666666666666,0.819,0.8666666666666667,9.5
67,11.599999999999975,0.872,-0.018,0.793,0.041,5.359,5.299,0.8056666666666668,0.919,9.476666666666667
68,11.699999999999974,0.853,-0.042,0.793,0.047,5.338,5.259,0.7955000000000001,0.932,9.45
69,11.899999999999974,0.8465,-0.04,0.7805000000000001,0.03275,5.3335,5.1745,0.787,0.934,9.446666666666667
70,11.999999999999973,0.8376666666666667,-0.027,0.7826666666666666,0.042,5.221333333333334,5.187,0.7696666666666667,0.9226666666666667,9.5
71,12.099999999999973,0.7903333333333333,-0.04766666666666667,0.7399999999999999,0.042333333333333334,5.221,5.140333333333333,0.7530000000000001,0.9106666666666667,9.5
72,12.199999999999973,0.771,-0.04133333333333333,0.7326666666666667,0.04666666666666666,5.16,5.124333333333333,0.7373333333333334,0.9093333333333334,9.5
73,12.399999999999972,0.7723333333333334,-0.03466666666666667,0.721,0.044000000000000004,5.146000000000001,5.028666666666667,0.7096666666666667,0.9306666666666666,9.5
74,12.499999999999972,0.7373333333333334,-0.02666666666666667,0.6903333333333332,0.027999999999999997,5.134333333333333,5.122333333333333,0.6830000000000002,0.9473333333333332,9.5
75,12.599999999999971,0.6813333333333335,-0.05466666666666666,0.6263333333333333,0.007333333333333333,5.139333333333334,5.109,0.661,0.9413333333333332,9.5
76,12.69999999999997,0.688,-0.0515,0.6174999999999999,0.0,5.234999999999999,5.009,0.6436666666666667,0.9333333333333335,9.5
77,12.89999999999997,0.6816666666666668,-0.03233333333333333,0.5019999999999999,0.04599999999999999,5.122,5.182333333333333,0.6203333333333333,0.9323333333333333,9.5
78,13.09999999999997,0.5583333333333332,-0.01833333333333333,0.5213333333333333,0.06,4.9559999999999995,4.8773333333333335,0.5625,0.9337500000000001,9.5
79,13.199999999999969,0.539,-0.005999999999999999,0.28099999999999997,0.049666666666666665,4.745,4.817666666666667,0.522,0.9375,9.5
80,13.399999999999968,0.429,-0.004333333333333334,0.40166666666666667,0.03366666666666667,4.722,4.792000000000001,0.47900000000000004,0.9403333333333332,9.5
81,13.499999999999968,0.427,0.0013333333333333337,0.408,0.04033333333333333,4.669333333333333,4.760666666666666,0.443,0.9405,9.5
82,13.599999999999968,0.43,-0.0006666666666666666,0.4033333333333333,0.05266666666666667,4.730666666666667,4.722,0.42566666666666664,0.9373333333333332,9.5
83,13.799999999999967,0.4106666666666667,0.001,0.37233333333333335,0.06266666666666666,4.600666666666666,4.709333333333333,0.39633333333333337,0.9293333333333335,9.5
84,13.899999999999967,0.332,0.0172,0.27760000000000007,0.065,4.6134,4.752599999999999,0.34925,0.9177500000000001,9.5
85,13.999999999999966,0.333,0.026,0.27799999999999997,0.059666666666666666,4.672,4.755,0.3196666666666667,0.911,9.5
86,14.099999999999966,0.32833333333333337,0.02766666666666667,0.26733333333333337,0.051666666666666666,4.665,4.762333333333333,0.29466666666666663,0.9043333333333333,9.5
87,14.199999999999966,0.326,0.023000000000000003,0.26566666666666666,0.07133333333333335,4.54,4.705666666666667,0.2826666666666667,0.9006666666666666,9.5
88,14.499999999999964,0.27233333333333337,0.02266666666666667,0.20166666666666666,0.06033333333333333,4.543666666666667,4.658666666666666,0.2725,0.9092500000000001,9.5
89,14.599999999999964,0.269,0.02666666666666667,0.19699999999999998,0.057666666666666665,4.524,4.644333333333333,0.25233333333333335,0.906,9.5
90,14.799999999999963,0.21866666666666668,0.043000000000000003,0.142,0.067,4.553,4.6610000000000005,0.23575,0.9025000000000001,9.5
91,14.899999999999963,0.19400000000000003,0.06133333333333333,0.12333333333333334,0.074,4.563,4.669666666666667,0.22366666666666668,0.9093333333333332,9.5
92,14.999999999999963,0.20033333333333334,0.053,0.13233333333333333,0.08166666666666667,4.5809999999999995,4.572666666666667,0.20475,0.91475,9.5
93,15.099999999999962,0.20166666666666666,0.054,0.13233333333333333,0.08733333333333333,4.455666666666667,4.558,0.19,0.9145000000000001,9.5
94,15.399999999999961,0.16766666666666666,0.04566666666666667,0.08666666666666667,0.07,4.3500000000000005,4.478666666666666,0.17766666666666664,0.916,9.5
95,15.499999999999961,0.16666666666666666,0.05333333333333334,0.09266666666666667,0.08866666666666667,4.499666666666667,4.443666666666666,0.16933333333333334,0.9133333333333334,9.5
96,15.59999999999996,0.16666666666666666,0.054,0.10533333333333333,0.10433333333333333,4.344666666666667,4.371333333333333,0.1625,0.912,9.5
97,15.79999999999996,0.16740000000000002,0.0708,0.1068,0.11839999999999999,4.255,4.3146,0.147,0.911,9.5
98,15.89999999999996,0.14800000000000002,0.069,0.081,0.10533333333333333,4.268999999999999,4.320666666666667,0.142,0.91425,9.5
99,16.09999999999996,0.136,0.059,0.06433333333333334,0.09700000000000002,4.291666666666667,4.349333333333333,0.13675,0.9147500000000001,9.5
100,16.29999999999996,0.9996666666666666,0.7130000000000001,1.2046666666666666,0.59,4.024333333333334,4.473,0.13333333333333333,0.916,9.5
101,16.399999999999963,0.387,0.433,1.255,0.6114999999999999,3.3645,4.5425,0.127,0.916,9.5
102,16.499999999999964,0.266,0.6515,1.3255,0.6045,4.1754999999999995,4.5024999999999995,0.121,0.917,9.5
103,16.699999999999967,0.755,0.683,1.339,0.592,4.287,4.539,0.11366666666666668,0.919,9.5
104,16.79999999999997,0.4495,0.2565,0.42950000000000005,0.2925,4.425000000000001,4.4455,0.112,0.92,9.5
105,16.89999999999997,0.10766666666666667,0.12533333333333332,0.055,0.15633333333333332,4.4223333333333334,4.3,0.112,0.92,9.5
106,16.99999999999997,0.118,0.09500000000000001,0.04133333333333333,0.07366666666666666,4.361999999999999,4.372333333333333,0.112,0.92,9.5
107,17.199999999999974,0.16766666666666666,0.08866666666666667,0.11199999999999999,0.09800000000000002,4.249666666666667,4.232,0.11625,0.9205000000000001,9.5
108,17.299999999999976,0.21766666666666667,0.07500000000000001,0.15833333333333333,0.084,4.234333333333333,4.2796666666666665,0.13475,0.9215000000000001,9.5
109,17.59999999999998,0.22,0.07466666666666667,0.16266666666666665,0.09433333333333334,4.221666666666667,4.295000000000001,0.15475,0.905,9.4875
110,17.69999999999998,0.21666666666666667,0.07633333333333332,0.15866666666666665,0.08866666666666667,4.267333333333333,4.331666666666667,0.196,0.8714999999999999,9.415
111,17.899999999999984,0.19466666666666668,0.16233333333333333,0.15733333333333333,0.207,4.358666666666667,4.392666666666666,0.19833333333333333,0.8286666666666666,9.543333333333335
112,18.099999999999987,0.19699999999999998,0.16133333333333333,0.156,0.20766666666666667,4.405666666666667,4.433666666666666,0.19525000000000003,0.827,9.58
113,18.19999999999999,0.19466666666666668,0.16433333333333333,0.14933333333333332,0.205,4.471333333333334,4.511333333333333,0.19499999999999998,0.827,9.633333333333335
114,18.39999999999999,0.19699999999999998,0.16033333333333333,0.15766666666666665,0.19166666666666665,4.513999999999999,4.538333333333333,0.195,0.827,9.63
115,18.499999999999993,0.19566666666666666,0.16166666666666665,0.15433333333333332,0.18899999999999997,4.508,4.546,0.19633333333333333,0.8213333333333334,9.49
116,18.599999999999994,0.20133333333333334,0.153,0.15666666666666665,0.19133333333333336,4.52,4.561333333333334,0.21275,0.78725,9.16
117,18.799999999999997,0.20866666666666667,0.1436666666666667,0.15766666666666665,0.17400000000000002,4.560333333333333,4.614999999999999,0.22566666666666668,0.7986666666666666,9.049999999999999
118,18.9,0.20833333333333334,0.14133333333333334,0.158,0.17,4.553,4.581666666666667,0.19925000000000004,0.7987500000000001,9.285
119,19.0,0.20533333333333334,0.14333333333333334,0.15566666666666665,0.18000000000000002,4.554666666666667,4.582333333333334,0.16833333333333333,0.7596666666666666,9.5
120,19.1,0.19033333333333333,0.13566666666666669,0.13466666666666668,0.169,4.5809999999999995,4.597333333333333,0.16633333333333333,0.7599999999999999,9.5
121,19.300000000000004,0.19233333333333333,0.13733333333333334,0.14266666666666666,0.17166666666666663,4.6033333333333335,4.607666666666667,0.167,0.77125,9.5
122,19.400000000000006,0.19266666666666668,0.14033333333333334,0.14466666666666667,0.17933333333333334,4.6066666666666665,4.602333333333333,0.16766666666666666,0.7793333333333333,9.5
123,19.500000000000007,0.19000000000000003,0.1406666666666667,0.14066666666666666,0.19133333333333333,4.589333333333333,4.605333333333333,0.17075,0.76625,9.5
124,19.60000000000001,0.18400000000000002,0.22933333333333336,0.14733333333333334,0.2823333333333333,4.556666666666667,4.573333333333333,0.17200000000000001,0.7363333333333332,9.5
125,19.80000000000001,0.17600000000000002,0.27466666666666667,0.16033333333333333,0.3276666666666667,4.515333333333333,4.521999999999999,0.17099999999999999,0.7175,9.5
126,19.900000000000013,0.18,0.279,0.159,0.32860000000000006,4.4982,4.5378,0.17066666666666666,0.698,9.5
127,20.000000000000014,0.18066666666666667,0.27466666666666667,0.157,0.3316666666666666,4.540666666666667,4.569,0.17125,0.7129999999999999,9.5
128,20.100000000000016,0.17566666666666664,0.282,0.152,0.334,4.555,4.602,0.17,0.7326666666666667,9.5
129,20.30000000000002,0.23766666666666666,0.15933333333333333,0.19800000000000004,0.20633333333333334,4.526,4.586666666666667,0.17333333333333334,0.7440000000000001,9.5
130,20.40000000000002,0.237,0.15333333333333332,0.23266666666666666,0.20133333333333336,4.533333333333334,4.580333333333334,0.192,0.7775000000000001,9.5
131,20.50000000000002,0.236,0.14566666666666667,0.223,0.19933333333333333,4.510666666666666,4.574333333333333,0.22633333333333336,0.823,9.5
132,20.800000000000026,0.265,0.14133333333333334,0.2823333333333333,0.15766666666666668,4.469,4.556333333333334,0.254,0.827,9.58
133,20.900000000000027,0.26433333333333336,0.14933333333333332,0.24266666666666667,0.19099999999999998,4.415,4.5169999999999995,0.25366666666666665,0.827,9.57
134,21.00000000000003,0.267,0.149,0.245,0.18500000000000003,4.3790000000000004,4.474666666666667,0.253,0.8165,9.49
135,21.10000000000003,0.26733333333333337,0.15233333333333332,0.24566666666666667,0.17933333333333334,4.372333333333334,4.463333333333334,0.25033333333333335,0.7986666666666666,9.353333333333333
136,21.20000000000003,0.269,0.15266666666666664,0.25699999999999995,0.19366666666666665,4.352,4.468666666666667,0.251,0.7983333333333333,9.366666666666667
137,21.300000000000033,0.27133333333333337,0.15366666666666665,0.2363333333333333,0.18699999999999997,4.359666666666667,4.454000000000001,0.263,0.803,9.44
138,21.500000000000036,0.30866666666666664,0.15033333333333332,0.2916666666666667,0.19833333333333333,4.325,4.425,0.29,0.7956666666666666,9.5
139,21.600000000000037,0.3243333333333333,0.148,0.309,0.19533333333333333,4.34,4.424666666666666,0.3056666666666667,0.805,9.5
140,21.80000000000004,0.3585,0.1205,0.34199999999999997,0.203,4.393000000000001,4.4285,0.33425,0.81375,9.5
141,21.90000000000004,0.36019999999999996,0.1254,0.3438,0.2052,4.4282,4.4684,0.35475,0.8087500000000001,9.5
142,22.000000000000043,0.3586666666666667,0.13333333333333333,0.345,0.21033333333333334,4.45,4.485333333333333,0.353,0.7926666666666667,9.5
143,22.100000000000044,0.35266666666666663,0.13466666666666668,0.347,0.208,4.467333333333333,4.515666666666667,0.3426666666666667,0.7756666666666666,9.5
144,22.200000000000045,0.235,0.19366666666666665,0.19733333333333333,0.26233333333333336,4.467666666666666,4.516,0.3153333333333333,0.7633333333333333,9.566666666666666
145,22.300000000000047,0.18633333333333332,0.23199999999999998,0.16033333333333333,0.2866666666666666,4.4703333333333335,4.466666666666667,0.26599999999999996,0.7273333333333333,9.653333333333334
146,22.60000000000005,0.18833333333333332,0.23399999999999999,0.163,0.2873333333333333,4.466333333333334,4.501666666666666,0.214,0.704,9.39
147,22.800000000000054,0.178,0.2665,0.152,0.311,4.558,4.532500000000001,0.183,0.6525000000000001,9.440000000000001
148,22.900000000000055,0.1655,0.3005,0.14400000000000002,0.3415,4.5344999999999995,4.558,0.162,0.618,9.525
149,23.000000000000057,0.16733333333333333,0.30466666666666664,0.153,0.355,4.481000000000001,4.483,0.15166666666666664,0.6126666666666667,9.636666666666665
150,23.10000000000006,0.17333333333333334,0.31,0.15466666666666665,0.36166666666666664,4.407666666666667,4.442666666666667,0.13833333333333334,0.6023333333333333,9.766666666666667
151,23.20000000000006,0.168,0.3133333333333333,0.15466666666666665,0.36566666666666664,4.3919999999999995,4.408333333333334,0.13466666666666668,0.6136666666666667,9.790000000000001
152,23.400000000000063,0.16533333333333333,0.3176666666666667,0.16,0.37033333333333335,4.325,4.37,0.14375000000000002,0.623,9.685
153,23.700000000000067,0.1675,0.319,0.1645,0.3735,4.352,4.375500000000001,0.18233333333333332,0.645,9.156666666666666
154,23.800000000000068,0.1648,0.3242,0.1602,0.37160000000000004,4.3222,4.3606,0.16966666666666666,0.6536666666666667,9.25
155,23.90000000000007,0.15933333333333335,0.312,0.15133333333333335,0.375,4.3180000000000005,4.360333333333333,0.15166666666666664,0.6463333333333333,9.436666666666666
156,24.100000000000072,0.13933333333333334,0.3056666666666667,0.12766666666666668,0.37333333333333335,4.316,4.338666666666667,0.1415,0.6395000000000001,9.5
157,24.200000000000074,0.1386666666666667,0.31466666666666665,0.12533333333333332,0.379,4.298666666666667,4.317,0.1385,0.64,9.5
158,24.300000000000075,0.139,0.311,0.12866666666666668,0.3786666666666667,4.294333333333333,4.309666666666667,0.13675,0.64175,9.5
159,24.500000000000078,0.12366666666666666,0.30666666666666664,0.10833333333333332,0.35233333333333333,4.283,4.322,0.13533333333333333,0.648,9.5
160,24.60000000000008,0.12066666666666666,0.30433333333333334,0.09333333333333334,0.3356666666666667,4.277333333333334,4.303666666666667,0.1295,0.6612500000000001,9.5
161,24.70000000000008,0.12133333333333333,0.30866666666666664,0.09900000000000002,0.3406666666666667,4.253666666666667,4.275333333333333,0.12525,0.672,9.5
162,25.000000000000085,0.118,0.2373333333333333,0.08566666666666667,0.2806666666666667,4.255,4.255666666666667,0.123,0.6900000000000001,9.546666666666667
163,25.100000000000087,0.11633333333333333,0.24033333333333332,0.08900000000000001,0.2836666666666667,4.264,4.2523333333333335,0.123,0.6984999999999999,9.565
164,25.30000000000009,0.11366666666666668,0.24066666666666667,0.09466666666666668,0.2876666666666667,4.264,4.228333333333334,0.123,0.7005,9.560000000000002
165,25.40000000000009,0.11699999999999999,0.24,0.09200000000000001,0.2783333333333334,4.260666666666666,4.234333333333333,0.12225,0.70275,9.51
166,25.500000000000092,0.114,0.23866666666666667,0.09333333333333334,0.28533333333333327,4.2523333333333335,4.236666666666666,0.11833333333333333,0.718,9.399999999999999
167,25.600000000000094,0.121,0.241,0.09533333333333334,0.2823333333333333,4.236666666666667,4.2396666666666665,0.11699999999999999,0.7186666666666666,9.38
168,25.800000000000097,0.121,0.24766666666666667,0.09533333333333334,0.283,4.222,4.2379999999999995,0.11133333333333334,0.7243333333333334,9.430000000000001
169,25.900000000000098,0.1216,0.24939999999999998,0.0948,0.28379999999999994,4.2202,4.218,0.10049999999999999,0.7513333333333333,9.5
170,26.0000000000001,0.12,0.24866666666666667,0.09066666666666667,0.2866666666666666,4.204000000000001,4.233333333333333,0.10042499999999999,0.75925,9.5
171,26.200000000000102,0.6725,0.527,0.6635,0.5665,3.6455,4.046,0.101,0.749,9.4975
172,26.300000000000104,1.237,0.874,1.2205,0.8414999999999999,4.116,4.26,0.09910000000000001,0.6476666666666667,9.48
173,26.500000000000107,1.2216666666666667,0.8756666666666667,1.2156666666666667,0.836,4.135333333333333,4.289666666666666,0.08763333333333334,0.494,9.63
174,26.900000000000112,0.8986666666666667,0.755,0.8850000000000001,0.7633333333333333,4.341333333333334,4.303,0.0846,0.3725,9.83
175,27.100000000000115,0.084,0.465,0.07966666666666666,0.49766666666666665,4.320666666666667,4.265,0.08860000000000001,0.3746666666666667,9.776666666666666
176,27.200000000000117,0.083,0.4683333333333333,0.07866666666666666,0.5033333333333333,4.3406666666666665,4.306,0.08943333333333335,0.425,9.716666666666667
177,27.300000000000118,0.09566666666666668,0.5216666666666667,0.08166666666666667,0.5579999999999999,4.325666666666667,4.323,0.0911,0.481,9.615
178,27.50000000000012,0.09699999999999999,0.5163333333333333,0.09200000000000001,0.5436666666666666,4.275333333333333,4.292666666666666,0.0911,0.481,9.5975
179,27.600000000000122,0.09900000000000002,0.4916666666666667,0.09600000000000002,0.521,4.264666666666666,4.262666666666667,0.0911,0.48100000000000004,9.563333333333333
180,27.700000000000124,0.102,0.492,0.1,0.526,4.27,4.277,0.0911,0.48100000000000004,9.576666666666666
181,27.900000000000126,0.1016,0.495,0.0982,0.5242,4.260800000000001,4.265000000000001,0.11236666666666667,0.4686666666666666,9.32
182,28.000000000000128,0.10333333333333333,0.49366666666666664,0.10433333333333333,0.5259999999999999,4.247333333333334,4.27,0.15900000000000003,0.455,8.86
183,28.20000000000013,0.14233333333333334,0.4663333333333333,0.1406666666666667,0.5066666666666667,4.328666666666667,4.329000000000001,0.20199999999999999,0.4796666666666667,8.44
184,28.300000000000132,0.19633333333333333,0.4033333333333333,0.207,0.4703333333333333,4.354,4.362333333333333,0.22366666666666668,0.5546666666666668,8.206666666666665
185,28.400000000000134,0.20133333333333336,0.40266666666666673,0.21333333333333335,0.474,4.367333333333334,4.376,0.24366666666666667,0.6123333333333333,8.043333333333335
186,28.500000000000135,0.299,0.31233333333333335,0.3013333333333333,0.37766666666666665,4.416666666666667,4.423666666666667,0.27,0.605,7.896666666666667
187,28.600000000000136,0.32266666666666666,0.26733333333333337,0.33233333333333337,0.3383333333333334,4.448666666666667,4.477666666666667,0.34,0.49666666666666665,7.723333333333334
188,28.700000000000138,0.32466666666666666,0.274,0.331,0.3383333333333333,4.495666666666667,4.514,0.3955000000000001,0.409,7.765000000000001
189,28.80000000000014,0.32866666666666666,0.26266666666666666,0.33,0.33433333333333337,4.545,4.5569999999999995,0.3873333333333333,0.39633333333333337,7.886666666666667
190,28.90000000000014,0.3333333333333333,0.265,0.33033333333333337,0.3376666666666667,4.578666666666667,4.602666666666667,0.35333333333333333,0.44399999999999995,7.953333333333333
191,29.200000000000145,0.276,0.265,0.26666666666666666,0.3446666666666666,4.639666666666667,4.625333333333333,0.298,0.60725,8.21
192,29.300000000000146,0.2813333333333333,0.2753333333333333,0.26666666666666666,0.351,4.622333333333334,4.609666666666667,0.27799999999999997,0.649,8.25
193,29.400000000000148,0.2803333333333334,0.267,0.27066666666666667,0.349,4.607333333333334,4.589333333333333,0.273,0.7333333333333334,8.263333333333334
194,29.60000000000015,0.3,0.24333333333333332,0.27133333333333337,0.34500000000000003,4.655,4.633666666666667,0.2806666666666667,0.7906666666666666,8.28
195,29.700000000000152,0.277,0.2753333333333334,0.268,0.349,4.616333333333333,4.6353333333333335,0.26333333333333336,0.7256666666666667,8.313333333333333
196,29.800000000000153,0.273,0.28,0.27,0.347,4.621,4.616,0.23266666666666666,0.6206666666666667,8.436666666666666
197,30.000000000000156,0.21539999999999998,0.2818,0.20780000000000004,0.34479999999999994,4.6137999999999995,4.6096,0.20625,0.577,8.557500000000001
198,30.100000000000158,0.21166666666666667,0.286,0.214,0.3586666666666667,4.608666666666667,4.599666666666667,0.204,0.605,8.583333333333334
199,30.20000000000016,0.19433333333333333,0.291,0.18200000000000002,0.357,4.593,4.585333333333334,0.20466666666666666,0.6216666666666666,8.59
200,30.30000000000016,0.19600000000000004,0.2813333333333334,0.17966666666666664,0.35766666666666663,4.624,4.600666666666667,0.20633333333333334,0.6426666666666666,8.63
201,30.400000000000162,0.19266666666666668,0.29066666666666663,0.18299999999999997,0.35266666666666663,4.624666666666667,4.588666666666667,0.20766666666666667,0.6696666666666667,8.783333333333333
202,30.500000000000163,0.19899999999999998,0.2846666666666667,0.19133333333333336,0.3539999999999999,4.599666666666667,4.569333333333333,0.203,0.6585000000000001,9.06
203,30.700000000000166,0.19566666666666666,0.2806666666666667,0.19466666666666668,0.3546666666666667,4.623,4.562333333333334,0.20000000000000004,0.6446666666666667,9.136666666666668
204,30.800000000000168,0.19633333333333333,0.2916666666666667,0.18966666666666665,0.35333333333333333,4.631,4.578666666666666,0.20099999999999998,0.645,9.136666666666668
205,30.90000000000017,0.20166666666666666,0.2993333333333333,0.20033333333333334,0.36633333333333334,4.627666666666666,4.552333333333333,0.205,0.6543333333333333,9.206666666666665
206,31.100000000000172,0.20433333333333334,0.2896666666666667,0.2026666666666667,0.375,4.603000000000001,4.534,0.219,0.6636666666666667,9.5
207,31.300000000000175,0.211,0.294,0.21233333333333335,0.37399999999999994,4.504666666666666,4.473333333333333,0.219,0.66275,9.5
208,31.400000000000176,0.217,0.29033333333333333,0.22333333333333336,0.37399999999999994,4.504666666666667,4.450666666666667,0.219,0.662,9.5
209,31.500000000000178,0.229,0.2856666666666667,0.23033333333333336,0.35799999999999993,4.498,4.467,0.22475,0.6595,9.5
210,31.70000000000018,0.27949999999999997,0.2785,0.281,0.3575,4.506,4.4955,0.24566666666666667,0.6546666666666666,9.5
211,31.900000000000183,0.2826,0.2732,0.2842,0.34959999999999997,4.5324,4.5154,0.30924999999999997,0.6775000000000001,9.5
212,32.100000000000186,0.31966666666666665,0.2733333333333334,0.31566666666666665,0.3546666666666667,4.545333333333333,4.553666666666666,0.3485,0.66725,9.5
213,32.20000000000019,0.38866666666666666,0.269,0.38933333333333336,0.3496666666666666,4.523333333333333,4.550666666666667,0.36625,0.653,9.5
214,32.30000000000019,0.37600000000000006,0.27899999999999997,0.389,0.3499999999999999,4.501333333333334,4.530333333333333,0.39375,0.63975,9.5
215,32.50000000000019,0.38000000000000006,0.2786666666666667,0.39166666666666666,0.35733333333333334,4.511333333333334,4.568666666666666,0.4183333333333333,0.632,9.593333333333334
216,32.60000000000019,0.3296666666666666,0.272,0.3343333333333333,0.35233333333333333,4.542333333333333,4.567333333333333,0.413,0.62625,9.684999999999999
217,32.700000000000195,0.3446666666666666,0.27,0.3443333333333333,0.347,4.5296666666666665,4.547,0.413,0.6276666666666667,9.636666666666665
218,32.800000000000196,0.38633333333333336,0.285,0.40700000000000003,0.36133333333333334,4.491,4.527333333333334,0.4043333333333334,0.6216666666666667,9.536666666666667
219,33.0000000000002,0.38199999999999995,0.291,0.40599999999999997,0.35799999999999993,4.467,4.506666666666667,0.35266666666666663,0.6656666666666667,9.266666666666667
220,33.2000000000002,0.32633333333333336,0.27566666666666667,0.3356666666666667,0.3466666666666667,4.480333333333333,4.506333333333333,0.34933333333333333,0.6643333333333333,9.44
221,33.3000000000002,0.3176666666666667,0.2793333333333334,0.324,0.35333333333333333,4.469666666666666,4.478666666666666,0.348,0.6467499999999999,9.5
222,33.400000000000205,0.304,0.27699999999999997,0.3073333333333333,0.34800000000000003,4.442,4.434,0.341,0.642,9.5
223,33.500000000000206,0.303,0.27899999999999997,0.309,0.35600000000000004,4.416333333333333,4.424,0.33033333333333337,0.6373333333333334,9.5
224,33.70000000000021,0.253,0.28,0.25,0.345,4.468,4.446,0.30666666666666664,0.634,9.5
225,33.80000000000021,0.25880000000000003,0.2892,0.25040000000000007,0.344,4.4798,4.453200000000001,0.27233333333333337,0.6366666666666667,9.5
226,34.00000000000021,0.24466666666666667,0.2836666666666667,0.223,0.34833333333333333,4.5713333333333335,4.540666666666667,0.24975,0.63275,9.5
227,34.200000000000216,0.15133333333333332,0.3866666666666667,0.13433333333333333,0.4106666666666667,4.623,4.543666666666667,0.20033333333333334,0.5583333333333335,9.773333333333333
228,34.40000000000022,0.145,0.38799999999999996,0.12433333333333334,0.434,4.609333333333333,4.547666666666666,0.18024999999999997,0.53925,9.622499999999999
229,34.50000000000022,0.11433333333333333,0.446,0.09233333333333334,0.508,4.6080000000000005,4.548333333333333,0.15425,0.5105,9.345
230,34.60000000000022,0.11699999999999999,0.448,0.09466666666666668,0.5093333333333333,4.605666666666667,4.576666666666667,0.143,0.52,9.22
231,34.70000000000022,0.12033333333333333,0.44933333333333336,0.08866666666666667,0.5083333333333334,4.583666666666667,4.571666666666666,0.152,0.59,8.973333333333334
232,34.800000000000225,0.115,0.4486666666666667,0.10266666666666668,0.5186666666666667,4.560666666666666,4.545333333333333,0.14933333333333332,0.5989999999999999,8.963333333333333
233,34.900000000000226,0.119,0.45566666666666666,0.104,0.5073333333333333,4.546,4.561,0.12866666666666668,0.5303333333333334,9.146666666666667
234,35.10000000000023,0.118,0.452,0.10733333333333334,0.5126666666666667,4.494666666666666,4.481,0.11499999999999999,0.4706666666666666,9.31
235,35.30000000000023,0.12266666666666666,0.45766666666666667,0.108,0.5143333333333334,4.487333333333333,4.460666666666667,0.10533333333333333,0.42733333333333334,9.5
236,35.40000000000023,0.12233333333333334,0.46,0.09966666666666668,0.5136666666666666,4.4639999999999995,4.453,0.10675,0.44525,9.5
237,35.600000000000236,0.10766666666666667,0.486,0.08766666666666667,0.5083333333333333,4.473333333333334,4.469666666666668,0.107,0.452,9.5
238,35.70000000000024,0.0995,0.479,0.0895,0.5065,4.462,4.468500000000001,0.10866666666666668,0.4736666666666667,9.5
239,35.90000000000024,0.11,0.46,0.087,0.513,4.448,4.459,0.11925,0.554,9.495000000000001
240,36.200000000000244,0.105,0.45,0.097,0.512,4.5329999999999995,4.4925,0.114,0.4985,9.5
241,36.40000000000025,0.129,0.468,0.103,0.523,4.439,4.418,0.1115,0.492,9.5
242,36.50000000000025,0.11699999999999999,0.459,0.10333333333333333,0.5163333333333333,4.464666666666666,4.456666666666666,0.112,0.496,9.5
243,36.70000000000025,0.11666666666666665,0.457,0.10033333333333334,0.5143333333333334,4.452000000000001,4.443333333333333,0.111,0.4996666666666667,9.5
244,36.900000000000254,0.11466666666666668,0.452,0.10100000000000002,0.517,4.418666666666667,4.406,0.10550000000000001,0.50075,9.5
245,37.000000000000256,0.118,0.4633333333333334,0.10366666666666667,0.5196666666666667,4.405,4.421333333333334,0.097975,0.50575,9.5
246,37.20000000000026,0.11599999999999999,0.46,0.10466666666666667,0.5186666666666667,4.403666666666666,4.395666666666666,0.09975,0.499,9.5
247,37.30000000000026,0.11599999999999999,0.4606666666666667,0.103,0.52,4.392666666666667,4.398,0.107,0.49,9.5
248,37.40000000000026,0.118,0.46366666666666667,0.10533333333333333,0.5113333333333333,4.378666666666667,4.3950000000000005,0.112,0.49649999999999994,9.5
249,37.700000000000266,0.11933333333333333,0.4606666666666667,0.10566666666666667,0.512,4.335999999999999,4.340666666666667,0.106,0.4995,9.5
250,37.80000000000027,0.11699999999999999,0.45840000000000003,0.1066,0.5136000000000001,4.3454,4.3244,0.11266666666666668,0.5213333333333333,9.5
251,38.00000000000027,0.11166666666666668,0.46,0.10000000000000002,0.512,4.393999999999999,4.3886666666666665,0.11733333333333333,0.5563333333333333,9.5
252,38.10000000000027,0.114,0.456,0.10066666666666667,0.5156666666666666,4.399,4.373,0.11025,0.524,9.5
253,38.300000000000274,0.11566666666666665,0.45,0.09900000000000002,0.5176666666666666,4.429666666666667,4.396666666666667,0.11033333333333334,0.476,9.5
254,40.2000000000003,0.427,0.482,0.46,0.58,4.598,4.538,0.38866666666666666,0.48300000000000004,7.9799999999999995
255,40.3000000000003,0.425,0.48,0.459,0.582,4.610333333333333,4.602666666666667,0.3593333333333333,0.5710000000000001,8.086666666666668
256,40.400000000000304,0.35766666666666663,0.4216666666666667,0.37399999999999994,0.503,4.628333333333333,4.663,0.324,0.5676666666666667,8.209999999999999
257,40.60000000000031,0.283,0.38033333333333336,0.2693333333333333,0.4693333333333333,4.701,4.764666666666667,0.27499999999999997,0.5146666666666667,8.483333333333333
258,40.70000000000031,0.24866666666666667,0.383,0.22466666666666668,0.4666666666666666,4.676666666666667,4.763333333333333,0.211,0.4763333333333333,8.81
259,40.80000000000031,0.249,0.38933333333333336,0.22933333333333336,0.4646666666666666,4.692333333333333,4.781,0.14733333333333334,0.48066666666666663,9.13
260,41.00000000000031,0.13766666666666666,0.4003333333333334,0.09666666666666668,0.4709999999999999,4.76,4.7973333333333334,0.09836666666666667,0.5043333333333333,9.5
261,41.100000000000314,0.12666666666666668,0.4003333333333334,0.07666666666666666,0.4716666666666667,4.805,4.851,0.09366666666666666,0.5603333333333333,9.49
262,41.30000000000032,0.12966666666666668,0.4126666666666667,0.09033333333333333,0.48633333333333334,4.782333333333333,4.839333333333333,0.08963333333333334,0.5593333333333333,9.56
263,41.40000000000032,0.127,0.4063333333333334,0.09133333333333334,0.4836666666666667,4.771999999999999,4.801,0.08766666666666667,0.5236666666666666,9.693333333333333
264,41.60000000000032,0.12966666666666668,0.4116666666666666,0.10466666666666667,0.5003333333333333,4.7139999999999995,4.751,0.09076666666666666,0.42966666666666664,10.266666666666667
265,41.70000000000032,0.13133333333333333,0.4166666666666667,0.106,0.506,4.652666666666667,4.702333333333333,0.0911,0.4515,10.3
266,41.900000000000325,0.1272,0.4112,0.10600000000000001,0.5072,4.5884,4.6762,0.0911,0.4754999999999999,10.15
267,42.00000000000033,0.12066666666666666,0.41033333333333327,0.09733333333333334,0.5006666666666667,4.541666666666667,4.653666666666667,0.0911,0.481,10.1
268,42.10000000000033,0.11633333333333333,0.417,0.09533333333333334,0.502,4.527666666666666,4.638000000000001,0.0911,0.48100000000000004,10.066666666666666
269,42.20000000000033,0.12,0.418,0.09800000000000002,0.5083333333333334,4.513000000000001,4.606999999999999,0.09083333333333334,0.48333333333333334,9.873333333333333
270,42.40000000000033,0.11233333333333334,0.41733333333333333,0.09733333333333334,0.5086666666666666,4.543,4.591,0.08950000000000001,0.5116666666666667,9.523333333333332
271,42.500000000000334,0.11633333333333333,0.417,0.10000000000000002,0.511,4.539999999999999,4.567666666666667,0.09483333333333333,0.5396666666666667,9.386666666666665
272,42.600000000000335,0.11633333333333334,0.413,0.10333333333333333,0.5163333333333334,4.540333333333333,4.543,0.09357499999999999,0.54,9.395
273,42.80000000000034,0.11766666666666666,0.41533333333333333,0.109,0.5003333333333333,4.517666666666667,4.5409999999999995,0.09235000000000002,0.513,9.49
274,42.90000000000034,0.1185,0.419,0.1115,0.5025,4.5165,4.519,0.09889999999999999,0.508,9.5
275,43.00000000000034,0.114,0.422,0.114,0.505,4.505,4.512,0.11,0.507,9.5
276,43.10000000000034,0.124,0.416,0.115,0.512,4.515,4.5,0.112,0.508,9.5
277,43.300000000000345,0.1215,0.4275,0.113,0.518,4.51,4.5024999999999995,0.11166666666666668,0.5066666666666667,9.5
278,43.50000000000035,0.17400000000000002,0.39633333333333337,0.162,0.504,4.460666666666667,4.480999999999999,0.111,0.5043333333333333,9.5
279,43.60000000000035,0.39,0.5575,0.4445,0.6465,3.906,4.036,0.11025,0.50425,9.5
280,43.70000000000035,0.356,0.358,0.3705,0.476,4.417,4.462,0.11,0.5045,9.5
281,43.80000000000035,0.20539999999999997,0.3842,0.18579999999999997,0.493,4.516000000000001,4.4748,0.11,0.5046666666666667,9.5
282,44.10000000000036,0.12633333333333333,0.4136666666666667,0.10733333333333334,0.505,4.571,4.540333333333333,0.109,0.50525,9.5
283,44.20000000000036,0.1396666666666667,0.3993333333333333,0.12233333333333334,0.49866666666666665,4.574333333333333,4.5840000000000005,0.10866666666666668,0.508,9.5
284,44.30000000000036,0.36366666666666664,0.45933333333333337,0.37166666666666665,0.5886666666666667,4.574666666666666,4.641666666666667,0.10733333333333334,0.5073333333333333,9.5
285,44.50000000000036,0.5533333333333333,0.5896666666666667,0.594,0.717,4.456666666666666,4.5393333333333326,0.10766666666666667,0.5033333333333333,9.5
286,44.600000000000364,0.532,0.5926666666666667,0.5579999999999999,0.7236666666666668,4.471666666666667,4.559,0.108,0.502,9.5
287,44.700000000000365,0.11566666666666665,0.444,0.107,0.5453333333333333,4.524333333333333,4.536666666666666,0.10833333333333334,0.502,9.5
288,44.80000000000037,0.09500000000000001,0.44766666666666666,0.06933333333333334,0.536,4.549333333333333,4.558,0.10866666666666668,0.505,9.5
289,45.00000000000037,0.09533333333333334,0.45533333333333337,0.06566666666666666,0.5336666666666666,4.550333333333334,4.538666666666667,0.107,0.5073333333333334,9.5
290,45.20000000000037,0.11599999999999999,0.4506666666666667,0.10933333333333334,0.5299999999999999,4.498666666666667,4.557666666666666,0.106,0.506,9.5
291,45.300000000000374,0.11833333333333333,0.45366666666666666,0.10833333333333334,0.5296666666666666,4.446666666666666,4.505333333333334,0.10633333333333334,0.5023333333333333,9.5
292,45.400000000000375,0.12966666666666668,0.438,0.122,0.5163333333333333,4.3950000000000005,4.425999999999999,0.10933333333333334,0.5016666666666666,9.5
293,45.50000000000038,0.12866666666666668,0.4286666666666667,0.128,0.5233333333333333,4.3629999999999995,4.405666666666666,0.11025,0.4955,9.5
294,45.70000000000038,0.13,0.439,0.13,0.521,4.312,4.388,0.10925,0.4775,9.5
295,46.000000000000384,0.119,0.44333333333333336,0.10133333333333333,0.5416666666666666,4.402333333333334,4.442666666666667,0.10766666666666667,0.38000000000000006,9.5
296,46.100000000000385,0.11699999999999999,0.44533333333333336,0.09866666666666668,0.546,4.467333333333333,4.485333333333333,0.10933333333333334,0.3506666666666667,9.5
297,46.20000000000039,0.12666666666666668,0.5346666666666667,0.102,0.6286666666666667,4.506666666666667,4.562666666666668,0.111,0.31775000000000003,9.5
298,46.30000000000039,0.13233333333333333,0.59,0.10266666666666667,0.677,4.537,4.6080000000000005,0.1115,0.3155,9.5
299,46.50000000000039,0.15666666666666668,0.5666666666666668,0.131,0.6633333333333334,4.591,4.64,0.12333333333333334,0.2846666666666667,9.833333333333334
300,46.60000000000039,0.169,0.5593333333333333,0.15133333333333332,0.6493333333333333,4.583333333333333,4.626666666666667,0.148,0.2375,10.1
301,46.800000000000395,0.171,0.5716666666666667,0.15266666666666664,0.6546666666666666,4.472666666666666,4.531333333333333,0.152,0.29274999999999995,9.86
302,47.0000000000004,0.169,0.564,0.15933333333333333,0.6523333333333334,4.485666666666666,4.5263333333333335,0.138,0.33499999999999996,9.433333333333335
303,47.1000000000004,0.17,0.5726666666666667,0.15933333333333333,0.662,4.490333333333333,4.528,0.13233333333333333,0.38633333333333336,9.193333333333333
304,47.2000000000004,0.17066666666666666,0.5776666666666667,0.15866666666666665,0.6523333333333333,4.449000000000001,4.496666666666667,0.13433333333333333,0.38366666666666666,9.193333333333333
305,47.3000000000004,0.16833333333333333,0.5773333333333334,0.159,0.648,4.411666666666666,4.483333333333333,0.1545,0.3475,9.4725
306,47.500000000000405,0.15566666666666665,0.565,0.14966666666666664,0.6436666666666667,4.407,4.462666666666666,0.17025,0.3485,9.5
307,47.600000000000406,0.164,0.56,0.15,0.6483333333333333,4.441,4.496333333333333,0.21133333333333335,0.33866666666666667,9.5
308,47.80000000000041,0.24833333333333332,0.5363333333333333,0.24833333333333332,0.6373333333333333,4.528666666666667,4.536333333333332,0.285,0.324,9.5
309,47.90000000000041,0.2486,0.5392,0.2526,0.641,4.606,4.6049999999999995,0.285,0.324,9.5
310,48.00000000000041,0.28400000000000003,0.5376666666666666,0.297,0.6473333333333334,4.608666666666667,4.630333333333333,0.29,0.3296666666666667,9.5
311,48.300000000000416,0.2743333333333333,0.5256666666666666,0.2783333333333333,0.6263333333333333,4.596666666666667,4.615333333333333,0.2895,0.33625,9.5
312,48.40000000000042,0.16866666666666666,0.43366666666666664,0.15333333333333332,0.539,4.629333333333333,4.566,0.24825,0.34950000000000003,9.5
313,48.50000000000042,0.17266666666666666,0.4366666666666667,0.154,0.536,4.672000000000001,4.597666666666666,0.19499999999999998,0.3539999999999999,9.5
314,48.70000000000042,0.12833333333333333,0.44966666666666666,0.10433333333333333,0.53,4.649,4.598,0.16533333333333333,0.3513333333333333,9.5
315,48.80000000000042,0.131,0.4523333333333333,0.11066666666666668,0.537,4.625,4.572,0.14433333333333334,0.35666666666666663,9.5
316,49.000000000000426,0.129,0.454,0.107,0.535,4.586666666666667,4.551666666666667,0.124,0.41566666666666663,9.926666666666668
317,49.10000000000043,0.13333333333333333,0.4506666666666667,0.114,0.5376666666666667,4.547,4.549333333333334,0.124,0.4704999999999999,10.1
318,49.30000000000043,0.12833333333333333,0.457,0.114,0.5303333333333334,4.532333333333333,4.535666666666667,0.124,0.48100000000000004,10.1
319,49.40000000000043,0.12866666666666668,0.4343333333333333,0.11166666666666668,0.524,4.538666666666667,4.538333333333334,0.124,0.4789999999999999,9.933333333333332
320,49.50000000000043,0.12766666666666668,0.428,0.11466666666666668,0.5153333333333333,4.569,4.572666666666667,0.12366666666666666,0.47866666666666663,9.566666666666666
321,49.600000000000435,0.127,0.424,0.11066666666666668,0.5153333333333334,4.562333333333333,4.5696666666666665,0.11866666666666666,0.48566666666666664,9.216666666666667
322,49.80000000000044,0.127,0.428,0.112,0.506,4.555,4.582,0.12266666666666666,0.48100000000000004,9.14
323,49.90000000000044,0.1266,0.4306,0.10940000000000001,0.518,4.5782,4.6066,0.11825,0.4735,9.195
324,50.00000000000044,0.11566666666666665,0.4183333333333333,0.103,0.4963333333333333,4.631666666666667,4.617,0.1017,0.4746666666666666,9.389999999999999
325,50.10000000000044,0.12266666666666666,0.4206666666666667,0.104,0.5126666666666667,4.614666666666667,4.5873333333333335,0.09319999999999999,0.482,9.5
326,50.20000000000044,0.11933333333333333,0.4243333333333333,0.10766666666666667,0.51,4.567,4.566333333333334,0.0944,0.48900000000000005,9.5
327,50.400000000000446,0.11566666666666665,0.43,0.11333333333333334,0.5106666666666667,4.5263333333333335,4.527666666666667,0.09626666666666667,0.4916666666666667,9.5
328,50.60000000000045,0.12266666666666666,0.426,0.11699999999999999,0.516,4.519333333333333,4.54,0.09813333333333334,0.48666666666666664,9.5
329,50.80000000000045,0.12466666666666666,0.428,0.11733333333333333,0.5136666666666666,4.503666666666667,4.514666666666667,0.10204999999999999,0.493,9.5
330,50.90000000000045,0.12366666666666666,0.4306666666666667,0.11966666666666666,0.5173333333333333,4.518,4.523,0.1115,0.513,9.5
331,51.000000000000455,0.12966666666666668,0.4263333333333333,0.11633333333333333,0.5153333333333334,4.550333333333334,4.545333333333333,0.11675,0.52425,9.5
332,51.20000000000046,0.14,0.41,0.113,0.5033333333333333,4.661333333333333,4.639333333333333,0.11666666666666668,0.5183333333333333,9.5
333,51.30000000000046,0.1433333333333333,0.4066666666666667,0.11833333333333333,0.5013333333333333,4.683,4.648000000000001,0.117,0.5155,9.5
334,51.40000000000046,0.14033333333333334,0.3993333333333333,0.11033333333333332,0.5013333333333333,4.6896666666666675,4.651666666666666,0.11866666666666666,0.5026666666666667,9.5
335,51.700000000000465,0.5733333333333333,0.215,0.5806666666666667,0.35566666666666674,4.643000000000001,4.688666666666667,0.12733333333333333,0.49333333333333335,9.5
336,51.800000000000466,0.28,0.31,0.235,0.442,4.663,4.576,0.1355,0.4915,9.5
337,51.90000000000047,0.149,0.39225,0.123,0.49325,4.5905000000000005,4.5329999999999995,0.14200000000000002,0.49424999999999997,9.5
338,52.00000000000047,0.156,0.39966666666666667,0.13066666666666668,0.494,4.5249999999999995,4.492,0.15166666666666664,0.5006666666666667,9.5
339,52.20000000000047,0.20433333333333334,0.4013333333333334,0.19099999999999998,0.49533333333333335,4.400333333333333,4.462,0.16875,0.50575,9.5
340,52.30000000000047,0.20933333333333334,0.401,0.20000000000000004,0.504,4.359,4.405666666666666,0.18624999999999997,0.49274999999999997,9.5
341,52.400000000000475,0.21166666666666667,0.40233333333333327,0.20633333333333334,0.504,4.330000000000001,4.37,0.21433333333333335,0.48733333333333334,9.5
342,52.60000000000048,0.21833333333333335,0.4066666666666667,0.21266666666666667,0.507,4.291666666666667,4.355333333333333,0.255,0.49675,9.5
343,52.70000000000048,0.22133333333333335,0.411,0.22366666666666668,0.5133333333333333,4.248,4.317,0.29175,0.51075,9.5
344,52.90000000000048,0.222,0.40599999999999997,0.21833333333333335,0.5016666666666666,4.22,4.307333333333333,0.28925,0.50975,9.5
345,53.00000000000048,0.2873333333333333,0.38233333333333336,0.289,0.492,4.266666666666667,4.335333333333334,0.26075000000000004,0.5077499999999999,9.5
346,53.100000000000485,0.27299999999999996,0.38566666666666666,0.27066666666666667,0.49366666666666664,4.313666666666666,4.3613333333333335,0.21775,0.50025,9.5
347,53.30000000000049,0.21566666666666667,0.40066666666666667,0.211,0.505,4.341666666666667,4.347666666666666,0.19833333333333333,0.49099999999999994,9.5
348,53.40000000000049,0.217,0.39766666666666667,0.21,0.506,4.354,4.361000000000001,0.1955,0.49075,9.5
349,53.50000000000049,0.22566666666666668,0.39766666666666667,0.22033333333333335,0.5016666666666666,4.365333333333333,4.391,0.2025,0.49150000000000005,9.5
350,53.70000000000049,0.2753333333333334,0.38400000000000006,0.26733333333333337,0.49266666666666664,4.352333333333333,4.369666666666667,0.22766666666666668,0.4876666666666667,9.5
351,53.800000000000495,0.30920000000000003,0.38580000000000003,0.3234,0.504,4.3154,4.3793999999999995,0.2913333333333333,0.48533333333333334,9.5
352,53.900000000000496,0.34366666666666673,0.39333333333333337,0.36966666666666664,0.5076666666666667,4.316,4.4013333333333335,0.3333333333333333,0.4766666666666666,9.520000000000001
353,54.2000000000005,0.34933333333333333,0.39233333333333337,0.37433333333333335,0.514,4.367666666666667,4.445,0.336,0.48075,9.662500000000001
354,54.3000000000005,0.3423333333333334,0.3986666666666667,0.37833333333333335,0.5093333333333333,4.39,4.463333333333334,0.336,0.48100000000000004,9.656666666666666
355,54.4000000000005,0.3406666666666667,0.4013333333333334,0.37766666666666665,0.5146666666666667,4.385000000000001,4.455,0.33233333333333337,0.48100000000000004,9.603333333333333
356,54.500000000000504,0.39799999999999996,0.5243333333333333,0.4506666666666666,0.6423333333333333,4.013333333333333,4.142333333333333,0.3015,0.482,9.305
357,58.20000000000056,0.324,0.482,0.342,0.562,4.687,4.629,0.3316666666666667,0.451,8.123333333333333
358,58.30000000000056,0.3293333333333333,0.4756666666666667,0.335,0.5609999999999999,4.718666666666667,4.814666666666667,0.3463333333333334,0.4566666666666667,8.076666666666668
359,58.60000000000056,0.4916666666666667,0.30733333333333335,0.498,0.371,4.743666666666667,4.791,0.39999999999999997,0.439,7.973333333333333
360,58.700000000000564,0.6056666666666667,0.241,0.603,0.32033333333333336,4.764,4.987666666666667,0.43733333333333335,0.4116666666666666,8.046666666666667
361,59.00000000000057,0.45799999999999996,0.32066666666666666,0.4706666666666666,0.4176666666666667,4.88,4.898000000000001,0.424,0.3213333333333333,8.413333333333334
362,59.10000000000057,0.37366666666666665,0.37333333333333335,0.381,0.4663333333333333,4.959333333333333,5.081,0.408,0.3136666666666667,8.480000000000002
363,59.20000000000057,0.383,0.383,0.3826666666666667,0.48666666666666664,4.9926666666666675,5.178999999999999,0.349,0.34299999999999997,8.593333333333334
364,59.500000000000576,0.32033333333333336,0.36866666666666664,0.307,0.458,5.117333333333334,5.138333333333333,0.26966666666666667,0.501,8.883333333333333
365,59.80000000000058,0.328,0.3625,0.3165,0.477,5.068,5.0600000000000005,0.36833333333333335,0.554,9.133333333333335
366,60.100000000000584,0.37833333333333335,0.3393333333333333,0.37600000000000006,0.4756666666666667,4.987333333333333,5.042666666666666,0.35075,0.47350000000000003,9.4825
367,60.200000000000585,0.37799999999999995,0.3513333333333333,0.37366666666666665,0.478,4.912333333333334,5.010333333333334,0.3496666666666666,0.4706666666666666,9.5
368,60.30000000000059,0.432,0.3476666666666666,0.42733333333333334,0.461,4.918,5.011333333333334,0.3499999999999999,0.4696666666666666,9.5
369,60.50000000000059,0.48066666666666663,0.3416666666666666,0.47500000000000003,0.439,4.969666666666666,5.021333333333334,0.357,0.4713333333333333,9.5
370,60.60000000000059,0.45533333333333337,0.35600000000000004,0.46,0.45366666666666666,4.966,4.999333333333333,0.37333333333333335,0.47766666666666663,9.576666666666666
371,60.800000000000594,0.436,0.35799999999999993,0.437,0.4673333333333334,4.979333333333333,4.996333333333333,0.463,0.463,9.843333333333334
372,60.900000000000595,0.41,0.367,0.4096666666666666,0.48100000000000004,5.02,5.026666666666666,0.45,0.463,9.74
373,61.0000000000006,0.4143333333333333,0.371,0.4136666666666666,0.48466666666666663,5.047999999999999,5.042333333333334,0.39999999999999997,0.46866666666666673,9.469999999999999
374,61.1000000000006,0.41133333333333333,0.37733333333333335,0.412,0.4836666666666667,5.060333333333333,5.052666666666666,0.342,0.5266666666666667,9.180000000000001
375,61.3000000000006,0.48866666666666664,0.1996666666666667,0.4746666666666666,0.295,5.0953333333333335,5.055,0.36999999999999994,0.5630000000000001,9.22
376,61.500000000000604,0.49466666666666664,0.17299999999999996,0.4796666666666667,0.273,5.057666666666666,4.998333333333333,0.46900000000000003,0.6896666666666667,9.343333333333334
377,61.600000000000605,0.48500000000000004,0.14433333333333334,0.472,0.259,5.122000000000001,5.0440000000000005,0.47766666666666663,0.7233333333333333,9.483333333333333
378,61.80000000000061,0.48533333333333334,0.135,0.4663333333333333,0.242,5.165,5.108666666666667,0.48,0.733,9.5
379,61.90000000000061,0.48074999999999996,0.1365,0.4655,0.252,5.17725,5.1165,0.48,0.72875,9.5
380,62.00000000000061,0.488,0.21,0.48100000000000004,0.3116666666666667,5.046333333333334,5.0680000000000005,0.48,0.7003333333333334,9.5
381,62.200000000000614,0.48166666666666663,0.23933333333333331,0.48133333333333334,0.34800000000000003,5.016,5.019666666666667,0.48333333333333334,0.6356666666666667,9.5
382,62.300000000000615,0.4803333333333333,0.25333333333333335,0.48566666666666664,0.3506666666666667,5.006666666666667,4.990666666666667,0.48900000000000005,0.5640000000000001,9.5
383,62.40000000000062,0.48966666666666664,0.25433333333333336,0.49433333333333335,0.35633333333333334,5.005,4.9273333333333325,0.49300000000000005,0.5266666666666667,9.5
384,62.50000000000062,0.49333333333333335,0.3336666666666666,0.5066666666666667,0.4406666666666667,5.033333333333334,4.941333333333334,0.49499999999999994,0.4916666666666667,9.5
385,62.80000000000062,0.525,0.36166666666666664,0.5413333333333333,0.462,5.033666666666667,4.941666666666667,0.499,0.4935,9.5
386,62.900000000000624,0.5216666666666666,0.36166666666666664,0.5403333333333333,0.4623333333333333,5.069333333333333,4.964333333333333,0.5083333333333333,0.4963333333333333,9.5
387,63.000000000000625,0.52,0.36366666666666664,0.54,0.4643333333333333,5.101333333333334,4.999,0.5313333333333334,0.49700000000000005,9.5
388,63.30000000000063,0.5253333333333333,0.35666666666666663,0.5356666666666667,0.463,5.106,5.045,0.4965,0.4915,9.5
389,63.40000000000063,0.423,0.348,0.439,0.462,5.166,5.044,0.461,0.495,9.5
390,63.700000000000635,0.40449999999999997,0.34650000000000003,0.354,0.2455,5.265000000000001,5.88,0.4255,0.492,9.5
391,63.80000000000064,0.392,0.3615,0.4,0.47550000000000003,5.2515,5.1905,0.4095,0.489,9.5
392,64.10000000000063,0.335,0.4463333333333333,0.3463333333333333,0.5260000000000001,5.1193333333333335,5.058,0.3706666666666667,0.461,9.716666666666667
393,64.20000000000063,0.3373333333333333,0.45533333333333337,0.3459999999999999,0.5393333333333333,5.120333333333334,5.056666666666667,0.3706666666666667,0.443,9.733333333333334
394,64.30000000000062,0.3403333333333333,0.4483333333333333,0.349,0.5396666666666666,5.117333333333334,5.054333333333333,0.36966666666666664,0.43566666666666665,9.593333333333334
395,64.50000000000061,0.3506666666666667,0.43366666666666664,0.3746666666666667,0.529,5.145333333333333,5.080333333333333,0.36366666666666664,0.44,9.453333333333333
396,64.6000000000006,0.35566666666666663,0.428,0.371,0.5286666666666667,5.138333333333334,5.0776666666666666,0.342,0.46166666666666667,9.14
397,64.8000000000006,0.35666666666666663,0.4466666666666667,0.371,0.5353333333333333,5.107,5.037999999999999,0.35233333333333333,0.44933333333333336,9.316666666666668
398,64.90000000000059,0.3466666666666667,0.457,0.35366666666666663,0.56,5.085333333333334,5.0183333333333335,0.36833333333333335,0.42133333333333334,9.43
399,65.00000000000058,0.3456666666666666,0.47833333333333333,0.3506666666666667,0.5863333333333333,5.111,5.0360000000000005,0.371,0.3706666666666667,9.456666666666665
400,65.20000000000057,0.35233333333333333,0.535,0.3496666666666666,0.64,5.132000000000001,5.087666666666666,0.3673333333333333,0.3096666666666667,9.503333333333334
401,65.30000000000057,0.35200000000000004,0.5346666666666667,0.351,0.6466666666666666,5.162333333333334,5.115333333333333,0.36533333333333334,0.2953333333333333,9.53
402,65.50000000000055,0.34800000000000003,0.536,0.3496666666666666,0.648,5.190666666666666,5.135666666666666,0.361,0.296,9.53
403,65.60000000000055,0.38633333333333336,0.535,0.38966666666666666,0.6366666666666667,5.215,5.137,0.36933333333333335,0.2996666666666667,9.51
404,65.80000000000054,0.396,0.519,0.4,0.648,5.208,5.129,0.39666666666666667,0.332,9.473333333333333
405,66.10000000000052,0.42366666666666664,0.5283333333333333,0.4343333333333333,0.6266666666666667,5.166333333333333,5.131666666666667,0.45566666666666666,0.3436666666666666,9.423333333333334
406,66.20000000000051,0.42566666666666664,0.529,0.43733333333333335,0.63,5.151333333333333,5.111,0.4766666666666666,0.3423333333333334,9.41
407,66.30000000000051,0.44366666666666665,0.5363333333333333,0.45999999999999996,0.6243333333333334,5.155333333333333,5.081333333333333,0.48633333333333334,0.3403333333333334,9.42
408,66.4000000000005,0.5036666666666667,0.54,0.5183333333333333,0.637,5.0906666666666665,5.0360000000000005,0.5146666666666667,0.33866666666666667,9.4
409,66.70000000000049,0.511,0.545,0.5373333333333333,0.6333333333333333,5.096333333333334,4.982,0.557,0.3363333333333334,9.403333333333334
410,66.80000000000048,0.5666666666666667,0.5303333333333333,0.586,0.6256666666666667,5.1080000000000005,5.009,0.5816666666666667,0.32466666666666666,9.416666666666666
411,66.90000000000047,0.585,0.5263333333333334,0.597,0.6286666666666666,5.09,5.057333333333333,0.609,0.309,9.450000000000001
412,67.00000000000047,0.587,0.531,0.598,0.6333333333333333,5.094666666666666,5.066,0.6306666666666667,0.307,9.52
413,67.30000000000045,0.6643333333333333,0.52,0.693,0.6373333333333333,5.184,5.198,0.6710000000000002,0.313,9.606666666666667
414,67.40000000000045,0.6776666666666668,0.5213333333333333,0.7096666666666667,0.6030000000000001,5.232,5.431,0.6795,0.313,9.645
415,67.50000000000044,0.6806666666666668,0.5186666666666667,0.7083333333333334,0.644,5.257000000000001,5.276666666666666,0.6709999999999999,0.313,9.606666666666667
416,67.70000000000043,0.6726666666666666,0.5236666666666667,0.709,0.6506666666666667,5.25,5.274333333333334,0.6025,0.3315,9.44
417,67.80000000000042,0.677,0.5235000000000001,0.709,0.6485000000000001,5.2219999999999995,5.2995,0.598,0.3645,9.41
418,68.1000000000004,0.6753333333333335,0.5326666666666667,0.7000000000000001,0.6493333333333334,5.1723333333333334,5.197,0.6455,0.3795,9.4
419,68.2000000000004,0.6756666666666667,0.5313333333333333,0.703,0.6533333333333333,5.170999999999999,5.225333333333334,0.6523333333333333,0.36966666666666664,9.39
420,68.3000000000004,0.6783333333333333,0.5316666666666667,0.706,0.6566666666666667,5.187,5.209666666666667,0.6536666666666667,0.33466666666666667,9.366666666666667
421,68.40000000000039,0.6763333333333333,0.5356666666666666,0.4863333333333333,0.599,5.160666666666667,5.2796666666666665,0.6473333333333334,0.313,9.406666666666666
422,68.60000000000038,0.665,0.5493333333333333,0.6916666666666665,0.654,5.087,5.122333333333334,0.6453333333333333,0.3196666666666667,9.39
423,68.70000000000037,0.7286666666666667,0.5453333333333333,0.755,0.649,5.1209999999999996,5.141666666666667,0.6683333333333333,0.3453333333333333,9.316666666666666
424,68.80000000000037,0.7323333333333334,0.5533333333333333,0.7533333333333333,0.6510000000000001,5.161666666666666,5.127,0.6919999999999998,0.36466666666666664,9.253333333333332
425,68.90000000000036,0.7223333333333333,0.5576666666666668,0.753,0.6473333333333334,5.1066666666666665,5.166333333333334,0.7046666666666667,0.3453333333333333,9.256666666666666
426,69.10000000000035,0.7396666666666666,0.5473333333333334,0.7593333333333333,0.653,5.183000000000001,5.207,0.7186666666666666,0.31066666666666665,9.236666666666666
427,69.20000000000034,0.7393333333333333,0.5496666666666666,0.7576666666666666,0.6476666666666667,5.246333333333333,5.183333333333334,0.73,0.3133333333333333,9.196666666666667
428,69.30000000000034,0.7426666666666666,0.5413333333333333,0.7639999999999999,0.65,5.136666666666667,5.146333333333334,0.7426666666666666,0.33233333333333337,9.17
429,69.40000000000033,0.7480000000000001,0.554,0.766,0.6633333333333334,5.15,5.102666666666667,0.7403333333333334,0.335,9.146666666666667
430,69.60000000000032,0.741,0.5633333333333334,0.7636666666666668,0.6543333333333333,5.155333333333334,5.076333333333333,0.725,0.3393333333333333,9.143333333333334
431,69.70000000000032,0.743,0.556,0.7663333333333334,0.6596666666666667,5.162333333333334,5.083,0.71,0.353,9.25
432,69.80000000000031,0.759,0.552,0.764,0.65,5.208,5.093,0.697,0.326,9.5
433,69.9000000000003,0.7445,0.5585,0.76475,0.6597500000000001,5.171250000000001,5.062,0.6956666666666665,0.32666666666666666,9.5
434,70.10000000000029,0.7416666666666667,0.5630000000000001,0.7663333333333333,0.6673333333333334,5.117,5.019000000000001,0.6960000000000001,0.32833333333333337,9.5
435,70.20000000000029,0.7309999999999999,0.557,0.7573333333333334,0.6543333333333333,5.114333333333334,5.044333333333333,0.6966666666666667,0.32833333333333337,9.5
436,70.40000000000028,0.723,0.5553333333333333,0.758,0.6536666666666667,5.117333333333334,5.074333333333334,0.7046666666666667,0.3316666666666667,9.5
437,70.50000000000027,0.7246666666666667,0.5616666666666666,0.7586666666666666,0.644,5.0680000000000005,5.076333333333333,0.7093333333333334,0.33466666666666667,9.5
438,70.60000000000026,0.7276666666666666,0.5613333333333334,0.7599999999999999,0.6486666666666667,5.074333333333333,5.059666666666666,0.7255,0.3365,9.5
439,70.80000000000025,0.7386666666666667,0.5596666666666666,0.7633333333333333,0.653,5.127666666666666,5.063666666666667,0.7407499999999999,0.33325,9.5
440,71.00000000000024,0.7949999999999999,0.5730000000000001,0.8076666666666666,0.6576666666666667,5.090333333333334,5.035333333333333,0.766,0.32866666666666666,9.5
441,71.10000000000024,0.8176666666666667,0.5766666666666665,0.8290000000000001,0.6546666666666666,5.091,5.035333333333333,0.783,0.32666666666666666,9.5
442,71.30000000000022,0.8426666666666667,0.6063333333333333,0.8513333333333333,0.6566666666666666,5.096,5.084,0.7926666666666667,0.32633333333333336,9.5
443,71.50000000000021,0.8506666666666667,0.6070000000000001,0.8493333333333334,0.6853333333333333,5.149,5.066666666666666,0.804,0.32,9.5
444,71.60000000000021,0.8406666666666668,0.604,0.8553333333333333,0.6996666666666668,5.087666666666666,5.161333333333334,0.8093333333333333,0.308,9.546666666666667
445,71.8000000000002,0.8456666666666667,0.606,0.8483333333333333,0.6956666666666665,5.115666666666667,5.063,0.8066666666666666,0.287,9.57
446,71.90000000000019,0.8325,0.6505,0.8492500000000001,0.73525,5.0585,5.107,0.7863333333333333,0.25633333333333336,9.450000000000001
447,72.00000000000018,0.8283333333333333,0.6666666666666666,0.8446666666666666,0.7726666666666667,5.073333333333333,5.119,0.775,0.2373333333333333,9.426666666666668
448,72.20000000000017,0.831,0.678,0.8453333333333332,0.7746666666666666,5.1049999999999995,5.152666666666666,0.7873333333333333,0.251,9.386666666666667
449,72.40000000000016,0.834,0.635,0.856,0.7286666666666667,5.056,5.0986666666666665,0.785,0.253,9.356666666666667
450,72.50000000000016,0.842,0.6366666666666666,0.8543333333333333,0.726,5.063,5.088,0.8096666666666668,0.298,9.38
451,72.70000000000014,0.8483333333333333,0.6413333333333333,0.8643333333333333,0.7273333333333333,5.086000000000001,5.029333333333334,0.826,0.311,9.43
452,72.90000000000013,0.8456666666666667,0.6413333333333333,0.86,0.7333333333333334,5.031,4.9750000000000005,0.826,0.24333333333333332,9.36
453,73.00000000000013,0.8426666666666667,0.6306666666666666,0.8686666666666666,0.7386666666666667,5.03,5.052,0.8039999999999999,0.212,9.31
454,73.20000000000012,0.7856666666666667,0.6533333333333333,0.8003333333333332,0.7356666666666666,5.038,4.971333333333333,0.7716666666666666,0.19799999999999998,9.323333333333332
455,73.4000000000001,0.771,0.6723333333333333,0.7933333333333333,0.753,5.0376666666666665,5.081666666666667,0.7196666666666666,0.26233333333333336,9.5
456,73.5000000000001,0.7719999999999999,0.665,0.795,0.7556666666666666,5.019333333333333,5.05,0.701,0.24633333333333332,9.5
457,73.80000000000008,0.6973333333333332,0.646,0.7256666666666667,0.7366666666666667,5.027666666666667,4.938666666666667,0.618,0.20800000000000002,9.754999999999999
458,74.00000000000007,0.6896666666666667,0.6496666666666666,0.7206666666666667,0.7516666666666666,5.048666666666667,4.963333333333334,0.55875,0.21175,9.96
459,74.20000000000006,0.632,0.6353333333333334,0.6749999999999999,0.7543333333333333,5.109999999999999,5.007000000000001,0.5733333333333334,0.223,9.82
460,74.30000000000005,0.6436666666666667,0.6373333333333333,0.6783333333333333,0.7576666666666667,5.114333333333334,5.054666666666666,0.6043333333333334,0.223,9.646666666666667
461,74.50000000000004,0.6999999999999998,0.6469999999999999,0.7256666666666667,0.7396666666666666,5.113666666666666,5.058666666666667,0.6310000000000001,0.24233333333333332,9.37
462,74.60000000000004,0.7083333333333334,0.65,0.7293333333333333,0.7393333333333333,5.109666666666667,5.1000000000000005,0.6403333333333333,0.2993333333333333,9.036666666666667
463,74.80000000000003,0.7036666666666666,0.647,0.7316666666666666,0.7383333333333333,5.105666666666667,5.101666666666667,0.6613333333333333,0.2846666666666667,9.066666666666668
464,74.90000000000002,0.7036666666666666,0.6356666666666667,0.7296666666666667,0.7383333333333333,5.123,5.1193333333333335,0.69,0.24433333333333332,9.089999999999998
465,75.10000000000001,0.6993333333333333,0.6406666666666667,0.7306666666666667,0.7403333333333334,5.065333333333334,5.085333333333334,0.7040000000000001,0.2363333333333333,9.04
466,75.3,0.6936666666666665,0.6306666666666666,0.7263333333333333,0.7396666666666668,5.046,5.053,0.6896666666666667,0.23566666666666666,9.056666666666667
467,75.39999999999999,0.6933333333333332,0.6333333333333334,0.7283333333333332,0.7476666666666666,5.046,5.047,0.6873333333333335,0.254,9.09
468,75.59999999999998,0.703,0.6426666666666666,0.7256666666666667,0.746,5.0840000000000005,5.023333333333333,0.6863333333333334,0.27166666666666667,9.13
469,75.79999999999997,0.6959999999999998,0.6413333333333333,0.7266666666666666,0.747,5.074333333333333,4.994666666666667,0.671,0.1935,9.51
470,75.99999999999996,0.6953999999999999,0.6477999999999999,0.723,0.7372,5.061400000000001,4.976799999999999,0.6539999999999999,0.175,9.6625
471,76.09999999999995,0.6916666666666668,0.6496666666666667,0.7223333333333333,0.7503333333333333,5.016666666666667,4.933000000000001,0.6486666666666667,0.20133333333333334,9.636666666666667
472,76.19999999999995,0.6880000000000001,0.6536666666666667,0.7206666666666667,0.7503333333333333,5.021,4.917999999999999,0.6563333333333333,0.223,9.54
473,76.29999999999994,0.6913333333333332,0.6383333333333333,0.7226666666666667,0.7476666666666666,5.030666666666667,4.9110000000000005,0.6573333333333333,0.223,9.533333333333333
474,76.59999999999992,0.694,0.6556666666666667,0.722,0.762,4.9896666666666665,4.873333333333334,0.6606666666666667,0.24366666666666667,9.296666666666665
475,76.69999999999992,0.6859999999999999,0.6526666666666667,0.7213333333333333,0.7613333333333334,4.966333333333334,4.899333333333334,0.6673333333333334,0.256,9.236666666666666
476,76.8999999999999,0.7313333333333333,0.5676666666666667,0.7530000000000001,0.6813333333333333,5.012999999999999,4.926666666666666,0.677,0.26733333333333337,9.206666666666665
477,76.9999999999999,0.7503333333333333,0.2893333333333333,0.7683333333333334,0.38233333333333336,4.963666666666667,4.956666666666667,0.68,0.26733333333333337,9.216666666666667
478,77.19999999999989,0.7516666666666666,0.2856666666666667,0.766,0.385,4.947333333333334,4.945333333333333,0.6563333333333334,0.243,9.336666666666666
479,77.29999999999988,0.71,0.3746666666666667,0.7300000000000001,0.48433333333333334,4.9510000000000005,4.900333333333333,0.636,0.246,9.453333333333333
480,77.49999999999987,0.6223333333333333,0.6616666666666666,0.6663333333333333,0.7496666666666667,4.896999999999999,4.769333333333333,0.6216666666666666,0.2753333333333334,9.496666666666668
481,77.59999999999987,0.6156666666666667,0.6556666666666667,0.6670000000000001,0.754,4.774333333333334,4.696000000000001,0.6073333333333333,0.282,9.526666666666666
482,77.79999999999986,0.621,0.664,0.6665000000000001,0.7535000000000001,4.742,4.676,0.593,0.282,9.56
483,77.89999999999985,0.6197999999999999,0.655,0.6694,0.7498,4.711799999999999,4.7056,0.594,0.282,9.556666666666667
484,78.19999999999983,0.6226666666666666,0.6310000000000001,0.6656666666666667,0.7376666666666667,4.826333333333333,4.733666666666666,0.6053333333333334,0.27,9.450000000000001
485,78.29999999999983,0.6273333333333334,0.6243333333333334,0.669,0.7506666666666667,4.836333333333333,4.821999999999999,0.6123333333333333,0.26766666666666666,9.386666666666668
486,78.39999999999982,0.625,0.63,0.6646666666666666,0.7376666666666667,4.8933333333333335,4.791333333333333,0.6156666666666667,0.26433333333333336,9.406666666666668
487,78.49999999999982,0.619,0.6323333333333334,0.6633333333333334,0.7336666666666667,4.896666666666667,4.838,0.6146666666666666,0.25433333333333336,9.453333333333333
488,78.7999999999998,0.612,0.6216666666666667,0.6523333333333334,0.7313333333333333,4.9510000000000005,4.867999999999999,0.6043333333333333,0.22733333333333336,9.5
489,78.89999999999979,0.608,0.622,0.6526666666666667,0.7266666666666666,4.922000000000001,4.869666666666666,0.5963333333333334,0.23199999999999998,9.5
490,78.99999999999979,0.6116666666666667,0.6126666666666666,0.649,0.7276666666666666,4.922666666666667,4.8533333333333335,0.5836666666666667,0.24233333333333332,9.5
491,79.19999999999978,0.607,0.6186666666666666,0.654,0.7313333333333333,4.919666666666667,4.861,0.5870000000000001,0.251,9.49
492,79.39999999999976,0.577,0.626,0.6263333333333333,0.7286666666666667,4.903666666666666,4.8870000000000005,0.585,0.24133333333333332,9.5
493,79.49999999999976,0.5826666666666666,0.6303333333333333,0.6326666666666667,0.7276666666666666,4.8950000000000005,4.838666666666667,0.571,0.23766666666666666,9.5
494,79.79999999999974,0.5913333333333333,0.6323333333333333,0.6306666666666666,0.7273333333333333,4.9350000000000005,4.891,0.5485,0.243,9.5
495,79.89999999999974,0.5605,0.633,0.60175,0.76,4.87425,4.7364999999999995,0.5176666666666666,0.25366666666666665,9.5
496,79.99999999999973,0.5383333333333333,0.6403333333333334,0.5933333333333334,0.8113333333333332,4.7893333333333326,4.602,0.5056666666666666,0.25333333333333335,9.5
497,80.19999999999972,0.5100000000000001,0.6233333333333333,0.5553333333333333,0.7243333333333334,4.701333333333333,4.626333333333334,0.5033333333333333,0.253,9.5
498,80.29999999999971,0.46666666666666673,0.6356666666666667,0.509,0.7416666666666667,4.712000000000001,4.564,0.48933333333333334,0.25266666666666665,9.5
499,80.4999999999997,0.4673333333333334,0.6366666666666667,0.5093333333333333,0.7306666666666667,4.765,4.566999999999999,0.4605,0.25075000000000003,9.5
500,80.69999999999969,0.42733333333333334,0.6386666666666666,0.4703333333333333,0.7333333333333334,4.7299999999999995,4.564,0.4503333333333333,0.24966666666666668,9.5
501,80.79999999999968,0.426,0.6323333333333333,0.4706666666666666,0.7273333333333333,4.681333333333334,4.524,0.43,0.24833333333333332,9.5
502,80.89999999999968,0.42766666666666664,0.6443333333333333,0.4696666666666666,0.7343333333333333,4.618000000000001,4.474666666666667,0.41000000000000003,0.25,9.5
503,80.99999999999967,0.418,0.6473333333333334,0.453,0.7399999999999999,4.652666666666667,4.448333333333333,0.3826666666666667,0.25333333333333335,9.5
504,81.19999999999966,0.37366666666666665,0.6526666666666667,0.40666666666666673,0.7383333333333333,4.597,4.410333333333333,0.36124999999999996,0.2545,9.5
505,81.29999999999966,0.3713333333333333,0.6473333333333334,0.4073333333333333,0.7416666666666667,4.538333333333333,4.407666666666667,0.339,0.25066666666666665,9.5
506,81.39999999999965,0.351,0.648,0.387,0.7426666666666667,4.504333333333332,4.393,0.32875000000000004,0.2455,9.5
507,81.49999999999964,0.34800000000000003,0.6423333333333333,0.38999999999999996,0.7436666666666666,4.4816666666666665,4.396,0.327,0.243,9.5
508,81.79999999999963,0.5973333333333333,0.3706666666666667,0.6393333333333334,0.48466666666666663,4.503,4.4446666666666665,0.3675,0.2565,9.5
509,81.89999999999962,0.5928,0.3854,0.6396,0.4835999999999999,4.44,4.4214,0.421,0.298,9.626666666666667
510,81.99999999999962,0.5923333333333333,0.39333333333333337,0.6376666666666667,0.48966666666666664,4.421666666666667,4.403333333333333,0.4756666666666667,0.313,9.763333333333334
511,82.09999999999961,0.5866666666666666,0.38766666666666666,0.6363333333333334,0.47733333333333333,4.496666666666667,4.431666666666667,0.5193333333333333,0.313,9.893333333333334
512,82.1999999999996,0.5953333333333334,0.37399999999999994,0.641,0.48,4.556666666666667,4.538,0.543,0.313,9.973333333333334
513,82.49999999999959,0.778,0.326,0.7993333333333333,0.3566666666666667,4.497333333333334,4.599333333333334,0.5916666666666667,0.302,9.86
514,82.59999999999958,0.8039999999999999,0.248,0.8113333333333334,0.32433333333333336,4.674333333333334,4.679,0.6693333333333333,0.311,9.5
515,82.69999999999958,0.8056666666666668,0.26,0.8163333333333332,0.32666666666666666,4.702999999999999,4.718666666666667,0.7196666666666666,0.40700000000000003,9.163333333333334
516,82.79999999999957,0.8116666666666666,0.25266666666666665,0.8153333333333332,0.3176666666666667,4.766333333333334,4.7603333333333335,0.749,0.5476666666666666,8.796666666666665
517,82.99999999999956,0.8016666666666667,0.26466666666666666,0.8193333333333332,0.3316666666666667,4.6626666666666665,4.700333333333334,0.7653333333333334,0.6853333333333333,8.49
518,83.19999999999955,0.809,0.22366666666666668,0.816,0.2913333333333334,4.551333333333333,4.640666666666667,0.8243333333333333,0.7156666666666666,8.78
519,83.29999999999954,0.806,0.18966666666666665,0.816,0.252,4.502,4.595666666666666,0.8273333333333333,0.707,8.783333333333333
520,83.49999999999953,0.8143333333333334,0.16666666666666666,0.781,0.20266666666666666,4.546333333333333,4.621666666666667,0.8216666666666667,0.723,8.729999999999999
521,83.59999999999953,0.8226666666666667,0.162,0.8210000000000001,0.226,4.5889999999999995,4.641333333333333,0.8123333333333335,0.7616666666666667,8.616666666666665
522,83.9999999999995,0.827,0.166,0.82,0.225,4.615,4.636,0.829,0.805,8.8
523,84.0999999999995,0.829,0.149,0.825,0.226,4.628,4.696,0.845,0.785,8.98
524,84.19999999999949,0.8402499999999999,0.15600000000000003,0.82875,0.22724999999999998,4.6655,4.76825,0.8513333333333334,0.773,9.053333333333333
525,84.29999999999949,0.8496666666666667,0.15933333333333333,0.8316666666666667,0.22366666666666668,4.724666666666667,4.805,0.8530000000000001,0.7683333333333332,9.086666666666668
526,84.49999999999947,0.855,0.15966666666666665,0.8316666666666667,0.22733333333333336,4.760999999999999,4.795333333333335,0.8513333333333333,0.762,9.09
527,84.59999999999947,0.863,0.162,0.8353333333333333,0.23766666666666666,4.793333333333334,4.781666666666666,0.843,0.7703333333333333,9.093333333333334
528,84.69999999999946,0.8596666666666666,0.16533333333333333,0.8393333333333333,0.24133333333333332,4.772,4.767333333333333,0.8243333333333333,0.7799999999999999,9.186666666666667
529,84.79999999999946,0.8493333333333334,0.16766666666666666,0.8343333333333334,0.23766666666666666,4.734666666666667,4.729666666666667,0.8000000000000002,0.786,9.4
530,84.99999999999945,0.843,0.15333333333333332,0.8156666666666667,0.221,4.699666666666666,4.7700000000000005,0.7952500000000001,0.777,9.5
531,85.19999999999943,0.84,0.15233333333333335,0.75,0.14300000000000002,4.773,4.819,0.801,0.7565,9.66
532,85.39999999999942,0.8483333333333333,0.15633333333333332,0.809,0.20366666666666666,4.834333333333333,4.857,0.801,0.7526666666666667,9.843333333333334
533,85.49999999999942,0.846,0.16066666666666665,0.8290000000000001,0.21733333333333335,4.858666666666666,4.8823333333333325,0.8015000000000001,0.7484999999999999,9.985
534,85.59999999999941,0.8483333333333333,0.16533333333333333,0.8029999999999999,0.19499999999999998,4.879333333333332,4.899,0.801,0.7503333333333333,9.99
535,85.7999999999994,0.847,0.14950000000000002,0.8245,0.2225,4.9015,4.8885,0.8025,0.72,9.565000000000001
536,85.8999999999994,0.8384999999999999,0.14900000000000002,0.8237499999999999,0.2255,4.9005,4.897,0.8000000000000002,0.7183333333333333,9.203333333333333
537,85.99999999999939,0.832,0.15600000000000003,0.8216666666666667,0.22266666666666668,4.875333333333334,4.886,0.7946666666666667,0.762,8.79
538,86.09999999999938,0.8363333333333333,0.14833333333333332,0.8223333333333332,0.22,4.891666666666667,4.895666666666666,0.8006666666666667,0.779,8.803333333333333
539,86.29999999999937,0.8406666666666668,0.143,0.824,0.218,4.899,4.891000000000001,0.8236666666666665,0.7743333333333334,8.99
540,86.39999999999937,0.8433333333333334,0.1466666666666667,0.8079999999999999,0.18500000000000003,4.869666666666666,4.904333333333333,0.843,0.7424999999999999,9.149999999999999
541,86.49999999999936,0.8386666666666667,0.15766666666666665,0.8316666666666667,0.21466666666666667,4.8053333333333335,4.848999999999999,0.8523333333333333,0.7399999999999999,9.25
542,86.59999999999935,0.8394999999999999,0.1595,0.837,0.2325,4.756,4.84,0.8565,0.7404999999999999,9.344999999999999
543,86.69999999999935,0.8356666666666666,0.17400000000000002,0.7656666666666667,0.15566666666666668,4.720666666666666,4.848,0.8546666666666667,0.7146666666666667,9.456666666666665
544,86.79999999999934,0.8363333333333333,0.16333333333333333,0.8326666666666666,0.22599999999999998,4.701,4.804,0.8436666666666666,0.7073333333333333,9.566666666666666
545,87.09999999999933,0.8363333333333333,0.18033333333333332,0.8393333333333333,0.246,4.6706666666666665,4.786666666666666,0.834,0.72125,9.562500000000002
546,87.29999999999932,0.8583333333333334,0.209,0.8113333333333334,0.23233333333333336,4.707666666666667,4.768999999999999,0.834,0.72225,9.555
547,87.39999999999931,0.843,0.22299999999999998,0.81,0.22899999999999998,4.6370000000000005,4.8065,0.834,0.723,9.5425
548,87.4999999999993,0.8634999999999999,0.2165,0.8015,0.229,4.759,4.7780000000000005,0.834,0.7226666666666667,9.519999999999998
549,87.79999999999929,0.8694999999999999,0.22399999999999998,0.8305,0.394,4.777,4.3875,0.796,0.734,9.25
550,87.89999999999928,0.825,0.164,0.8334999999999999,0.2475,4.6905,4.7715,0.7943333333333333,0.7720000000000001,9.290000000000001
551,87.99999999999928,0.8453333333333332,0.151,0.8303333333333333,0.2333333333333333,4.7843333333333335,4.786333333333332,0.8043333333333335,0.7926666666666667,9.36
552,88.09999999999927,0.8449999999999999,0.16533333333333333,0.8066666666666666,0.21566666666666667,4.8356666666666674,4.791666666666667,0.8116666666666666,0.794,9.42
553,88.39999999999925,0.8326666666666668,0.146,0.82,0.2323333333333333,4.740333333333333,4.729333333333333,0.819,0.7473333333333333,9.5
554,88.49999999999925,0.826,0.152,0.832,0.257,4.62,4.683,0.8173333333333334,0.7486666666666667,9.5
555,88.69999999999924,0.8293333333333331,0.16566666666666666,0.8290000000000001,0.24233333333333332,4.5793333333333335,4.659,0.8163333333333332,0.7556666666666666,9.5
556,88.79999999999923,0.8413333333333334,0.22066666666666668,0.8366666666666666,0.32066666666666666,4.602666666666667,4.64,0.816,0.7316666666666666,9.5
557,88.99999999999922,0.838,0.257,0.8406666666666666,0.351,4.686,4.781,0.8146666666666667,0.6743333333333333,9.5
558,89.2999999999992,0.8423333333333334,0.263,0.8409999999999999,0.3593333333333333,4.831666666666667,4.844333333333334,0.819,0.5816666666666667,9.5
559,89.3999999999992,0.8246666666666665,0.36233333333333334,0.8423333333333334,0.4226666666666667,4.823,4.896333333333334,0.819,0.5543333333333333,9.5
560,89.49999999999919,0.828,0.37566666666666665,0.8329999999999999,0.42133333333333334,4.873333333333334,4.875333333333334,0.818,0.5326666666666667,9.5
561,89.59999999999918,0.8166666666666665,0.37799999999999995,0.84,0.4483333333333333,4.8773333333333335,4.892333333333334,0.81575,0.5222500000000001,9.5
562,89.79999999999917,0.8083333333333335,0.393,0.8330000000000001,0.4673333333333334,4.900666666666667,4.916333333333333,0.809,0.5103333333333334,9.5
563,89.89999999999917,0.8119999999999999,0.393,0.8312499999999999,0.46675,4.91425,4.970750000000001,0.8003333333333335,0.49499999999999994,9.5
564,90.09999999999916,0.8056666666666668,0.40166666666666667,0.827,0.4803333333333333,4.871333333333333,4.967333333333333,0.7926666666666667,0.4883333333333333,9.5
565,90.19999999999915,0.8116666666666669,0.403,0.8273333333333333,0.4843333333333333,4.918,4.9816666666666665,0.785,0.48900000000000005,9.5
566,90.29999999999914,0.8076666666666666,0.4013333333333334,0.8223333333333332,0.48133333333333334,4.896666666666667,4.979,0.7793333333333333,0.49300000000000005,9.5
567,90.39999999999914,0.8063333333333333,0.3983333333333334,0.8276666666666667,0.486,4.858333333333333,4.993666666666667,0.778,0.4956666666666667,9.5
568,90.69999999999912,0.8076666666666666,0.414,0.8263333333333334,0.49033333333333334,4.899,4.973333333333334,0.7680000000000001,0.5,9.5
569,90.79999999999912,0.806,0.4086666666666667,0.8213333333333334,0.48133333333333334,4.892666666666667,4.961666666666667,0.7606666666666667,0.5056666666666666,9.5
570,90.89999999999911,0.782,0.40066666666666667,0.8086666666666668,0.49333333333333335,4.879666666666666,4.939333333333334,0.756,0.5065,9.5
571,91.0999999999991,0.7443333333333334,0.38966666666666666,0.7733333333333334,0.49099999999999994,4.889666666666667,4.952333333333333,0.743,0.5076666666666667,9.5
572,91.39999999999908,0.7436666666666666,0.38833333333333336,0.7726666666666667,0.48699999999999993,4.902,4.959333333333333,0.714,0.5076666666666667,9.5
573,91.49999999999908,0.7466666666666667,0.39566666666666667,0.771,0.49,4.8886666666666665,4.94,0.7039999999999998,0.5096666666666667,9.5
574,91.59999999999907,0.8096666666666666,0.41900000000000004,0.8216666666666667,0.5136666666666666,4.888000000000001,4.951666666666667,0.698,0.513,9.5
575,91.89999999999905,1.026,0.792,1.1604999999999999,0.7545,4.6765,4.852,0.6785000000000001,0.517,9.5
576,92.09999999999904,0.5115,0.584,1.1909999999999998,0.49150000000000005,4.5295000000000005,4.884,0.6653333333333333,0.5176666666666666,9.5
577,92.19999999999904,0.6243333333333333,0.36199999999999993,0.6526666666666667,0.4486666666666667,4.758666666666667,4.757666666666666,0.6446666666666667,0.5226666666666667,9.5
578,92.39999999999903,0.6293333333333333,0.377,0.6676666666666667,0.47100000000000003,4.512666666666667,4.663333333333333,0.633,0.5333333333333333,9.5
579,92.59999999999901,0.6273333333333334,0.3913333333333333,0.673,0.48666666666666664,4.541,4.667,0.61975,0.5275000000000001,9.5
580,92.69999999999901,0.6303333333333333,0.38066666666666665,0.674,0.4789999999999999,4.605333333333333,4.732,0.614,0.524,9.5
581,92.799999999999,0.6326666666666666,0.37966666666666665,0.6743333333333333,0.48933333333333334,4.633666666666667,4.772333333333333,0.6126666666666667,0.521,9.5
582,92.99999999999899,0.6173333333333333,0.38400000000000006,0.6576666666666667,0.49066666666666664,4.738333333333333,4.853000000000001,0.6083333333333333,0.5196666666666667,9.5
583,93.09999999999899,0.5869999999999999,0.38533333333333336,0.6296666666666667,0.49133333333333334,4.713333333333333,4.873666666666666,0.5983333333333333,0.516,9.5
584,93.29999999999897,0.4823333333333333,0.36166666666666664,0.5113333333333333,0.4716666666666667,4.729,4.8116666666666665,0.6183333333333333,0.522,9.479999999999999
585,93.39999999999897,0.425,0.3673333333333333,0.44966666666666666,0.4736666666666666,4.777666666666666,4.795999999999999,0.6266666666666666,0.4766666666666666,9.376666666666667
586,93.49999999999896,0.4663333333333333,0.3473333333333333,0.49066666666666664,0.4523333333333333,4.760999999999999,4.875,0.6226666666666667,0.416,9.196666666666667
587,93.79999999999895,0.4465,0.3595,0.47350000000000003,0.452,4.6235,4.634,0.5025,0.44,8.68
588,93.89999999999894,0.42139999999999994,0.38959999999999995,0.449,0.49559999999999993,4.4764,4.4766,0.4466666666666667,0.464,8.583333333333334
